fecha,volumen_m3
2015-01-01,869500000.0
2015-01-02,865969000.0
2015-01-03,861594000.0
2015-01-04,858406000.0
2015-01-05,854719000.0
2015-01-06,850438000.0
2015-01-07,847000000.0
2015-01-08,843219000.0
2015-01-09,841500000.0
2015-01-10,838875000.0
2015-01-11,836625000.0
2015-01-12,834344000.0
2015-01-13,835563000.0
2015-01-14,833688000.0
2015-01-15,830719000.0
2015-01-16,829500000.0
2015-01-17,827219000.0
2015-01-18,824188000.0
2015-01-19,821344000.0
2015-01-20,817781000.0
2015-01-21,814813000.0
2015-01-22,813688000.0
2015-01-23,811375000.0
2015-01-24,808313000.0
2015-01-25,810156000.0
2015-01-26,806000000.0
2015-01-27,802125000.0
2015-01-28,796875000.0
2015-01-29,794063000.0
2015-01-30,789469000.0
2015-01-31,787125000.0
2015-02-01,783844000.0
2015-02-02,778744000.0
2015-02-03,779875000.0
2015-02-04,781531000.0
2015-02-05,776469000.0
2015-02-06,774281000.0
2015-02-07,769656000.0
2015-02-08,767531000.0
2015-02-09,764594000.0
2015-02-10,763531000.0
2015-02-11,761313000.0
2015-02-12,762406000.0
2015-02-13,767875000.0
2015-02-14,771406000.0
2015-02-15,773625000.0
2015-02-16,769094000.0
2015-02-17,771406000.0
2015-02-18,766344000.0
2015-02-19,761313000.0
2015-02-20,757000000.0
2015-02-21,752003000.0
2015-02-22,746969000.0
2015-02-23,745500000.0
2015-02-24,742125000.0
2015-02-25,736688000.0
2015-02-26,733031000.0
2015-02-27,729375000.0
2015-02-28,726063000.0
2015-03-01,722906000.0
2015-03-02,718125000.0
2015-03-03,713250000.0
2015-03-04,709625000.0
2015-03-05,706031000.0
2015-03-06,701219000.0
2015-03-07,696406000.0
2015-03-08,691563000.0
2015-03-09,686188000.0
2015-03-10,682006000.0
2015-03-11,677094000.0
2015-03-12,673500000.0
2015-03-13,669375000.0
2015-03-14,664469000.0
2015-03-15,661063000.0
2015-03-16,656031000.0
2015-03-17,650438000.0
2015-03-18,645594000.0
2015-03-19,644862000.0
2015-03-20,641594000.0
2015-03-21,641594000.0
2015-03-22,641594000.0
2015-03-23,641219000.0
2015-03-24,640063000.0
2015-03-25,638828000.0
2015-03-26,639156000.0
2015-03-27,634219000.0
2015-03-28,630250000.0
2015-03-29,627312000.0
2015-03-30,623625000.0
2015-03-31,619156000.0
2015-04-01,616656000.0
2015-04-02,615450000.0
2015-04-03,614225000.0
2015-04-04,611500000.0
2015-04-05,612031000.0
2015-04-06,614063000.0
2015-04-07,610394000.0
2015-04-08,614144000.0
2015-04-09,614013000.0
2015-04-10,615091000.0
2015-04-11,617219000.0
2015-04-12,613563000.0
2015-04-13,608956000.0
2015-04-14,606656000.0
2015-04-15,605031000.0
2015-04-16,608188000.0
2015-04-17,611500000.0
2015-04-18,610966000.0
2015-04-19,611000000.0
2015-04-20,609156000.0
2015-04-21,611000000.0
2015-04-22,611500000.0
2015-04-23,612075000.0
2015-04-24,614869000.0
2015-04-25,613563000.0
2015-04-26,609156000.0
2015-04-27,605031000.0
2015-04-28,601106000.0
2015-04-29,596619000.0
2015-04-30,597313000.0
2015-05-01,598281000.0
2015-05-02,593875000.0
2015-05-03,595469000.0
2015-05-04,592188000.0
2015-05-05,587125000.0
2015-05-06,582313000.0
2015-05-07,579800000.0
2015-05-08,575500000.0
2015-05-09,572350000.0
2015-05-10,569119000.0
2015-05-11,563938000.0
2015-05-12,560688000.0
2015-05-13,556534000.0
2015-05-14,551619000.0
2015-05-15,547531000.0
2015-05-16,543625000.0
2015-05-17,541844000.0
2015-05-18,539656000.0
2015-05-19,535453000.0
2015-05-20,531481000.0
2015-05-21,537469000.0
2015-05-22,540563000.0
2015-05-23,542922000.0
2015-05-24,545262000.0
2015-05-25,551544000.0
2015-05-26,553531000.0
2015-05-27,555594000.0
2015-05-28,558025000.0
2015-05-29,564600000.0
2015-05-30,580188000.0
2015-05-31,586938000.0
2015-06-01,591813000.0
2015-06-02,594369000.0
2015-06-03,596228000.0
2015-06-04,597625000.0
2015-06-05,599688000.0
2015-06-06,602063000.0
2015-06-07,603875000.0
2015-06-08,606031000.0
2015-06-09,603625000.0
2015-06-10,602469000.0
2015-06-11,599250000.0
2015-06-12,594969000.0
2015-06-13,590781000.0
2015-06-14,586388000.0
2015-06-15,584125000.0
2015-06-16,580063000.0
2015-06-17,581469000.0
2015-06-18,577800000.0
2015-06-19,577900000.0
2015-06-20,579253000.0
2015-06-21,580553000.0
2015-06-22,580094000.0
2015-06-23,579359000.0
2015-06-24,577800000.0
2015-06-25,576438000.0
2015-06-26,576562000.0
2015-06-27,577225000.0
2015-06-28,577281000.0
2015-06-29,574906000.0
2015-06-30,572969000.0
2015-07-01,573538000.0
2015-07-02,573188000.0
2015-07-03,573587000.0
2015-07-04,573950000.0
2015-07-05,571494000.0
2015-07-06,569813000.0
2015-07-07,568175000.0
2015-07-08,567031000.0
2015-07-09,568288000.0
2015-07-10,568119000.0
2015-07-11,569231000.0
2015-07-12,569672000.0
2015-07-13,568969000.0
2015-07-14,569119000.0
2015-07-15,574150000.0
2015-07-16,578388000.0
2015-07-17,580434000.0
2015-07-18,586066000.0
2015-07-19,590838000.0
2015-07-20,596109000.0
2015-07-21,604969000.0
2015-07-22,608328000.0
2015-07-23,609944000.0
2015-07-24,611553000.0
2015-07-25,612525000.0
2015-07-26,614012000.0
2015-07-27,615050000.0
2015-07-28,617484000.0
2015-07-29,620859000.0
2015-07-30,626166000.0
2015-07-31,627828000.0
2015-08-01,629244000.0
2015-08-02,630200000.0
2015-08-03,631825000.0
2015-08-04,632625000.0
2015-08-05,633438000.0
2015-08-06,633919000.0
2015-08-07,635359000.0
2015-08-08,636844000.0
2015-08-09,641041000.0
2015-08-10,639941000.0
2015-08-11,641594000.0
2015-08-12,640981000.0
2015-08-13,642962000.0
2015-08-14,645628000.0
2015-08-15,646281000.0
2015-08-16,648950000.0
2015-08-17,651462000.0
2015-08-18,658112000.0
2015-08-19,659800000.0
2015-08-20,662612000.0
2015-08-21,666094000.0
2015-08-22,669031000.0
2015-08-23,673134000.0
2015-08-24,675531000.0
2015-08-25,678862000.0
2015-08-26,682900000.0
2015-08-27,686438000.0
2015-08-28,691638000.0
2015-08-29,693947000.0
2015-08-30,695734000.0
2015-08-31,697891000.0
2015-09-01,697891000.0
2015-09-02,696144000.0
2015-09-03,693638000.0
2015-09-04,693431000.0
2015-09-05,696459000.0
2015-09-06,698156000.0
2015-09-07,698206000.0
2015-09-08,699484000.0
2015-09-09,697678000.0
2015-09-10,699738000.0
2015-09-11,704025000.0
2015-09-12,705272000.0
2015-09-13,706081000.0
2015-09-14,702350000.0
2015-09-15,697075000.0
2015-09-16,694941000.0
2015-09-17,692600000.0
2015-09-18,687844000.0
2015-09-19,685156000.0
2015-09-20,686312000.0
2015-09-21,685225000.0
2015-09-22,682106000.0
2015-09-23,680534000.0
2015-09-24,678662000.0
2015-09-25,675156000.0
2015-09-26,670681000.0
2015-09-27,670250000.0
2015-09-28,665159000.0
2015-09-29,661003000.0
2015-09-30,660019000.0
2015-10-01,656912000.0
2015-10-02,652016000.0
2015-10-03,649069000.0
2015-10-04,646859000.0
2015-10-05,645481000.0
2015-10-06,641762000.0
2015-10-07,637859000.0
2015-10-08,635359000.0
2015-10-09,632625000.0
2015-10-10,629194000.0
2015-10-11,635938000.0
2015-10-12,638412000.0
2015-10-13,643869000.0
2015-10-14,647312000.0
2015-10-15,651162000.0
2015-10-16,655256000.0
2015-10-17,657744000.0
2015-10-18,659744000.0
2015-10-19,661106000.0
2015-10-20,662106000.0
2015-10-21,663975000.0
2015-10-22,666000000.0
2015-10-23,663000000.0
2015-10-24,665344000.0
2015-10-25,668112000.0
2015-10-26,670681000.0
2015-10-27,667956000.0
2015-10-28,665138000.0
2015-10-29,664719000.0
2015-10-30,662256000.0
2015-10-31,664159000.0
2015-11-01,664434000.0
2015-11-02,667384000.0
2015-11-03,664969000.0
2015-11-04,663975000.0
2015-11-05,666469000.0
2015-11-06,668281000.0
2015-11-07,671719000.0
2015-11-08,674975000.0
2015-11-09,677941000.0
2015-11-10,684300000.0
2015-11-11,687253000.0
2015-11-12,689381000.0
2015-11-13,691638000.0
2015-11-14,693234000.0
2015-11-15,690975000.0
2015-11-16,692556000.0
2015-11-17,693600000.0
2015-11-18,692972000.0
2015-11-19,696512000.0
2015-11-20,700516000.0
2015-11-21,699738000.0
2015-11-22,702425000.0
2015-11-23,710509000.0
2015-11-24,714456000.0
2015-11-25,717956000.0
2015-11-26,721956000.0
2015-11-27,720694000.0
2015-11-28,723356000.0
2015-11-29,724703000.0
2015-11-30,724325000.0
2015-12-01,721812000.0
2015-12-02,718519000.0
2015-12-03,721312000.0
2015-12-04,717350000.0
2015-12-05,715141000.0
2015-12-06,716825000.0
2015-12-07,718294000.0
2015-12-08,719844000.0
2015-12-09,721038000.0
2015-12-10,722828000.0
2015-12-11,720475000.0
2015-12-12,720325000.0
2015-12-13,720375000.0
2015-12-14,716619000.0
2015-12-15,713484000.0
2015-12-16,710212000.0
2015-12-17,706381000.0
2015-12-18,701591000.0
2015-12-19,696672000.0
2015-12-20,693562000.0
2015-12-21,688766000.0
2015-12-22,684784000.0
2015-12-23,681391000.0
2015-12-24,678062000.0
2015-12-25,675975000.0
2015-12-26,675762000.0
2015-12-27,671888000.0
2015-12-28,669506000.0
2015-12-29,669272000.0
2015-12-30,666272000.0
2016-01-01,664262000.0
2016-01-02,662406000.0
2016-01-03,660219000.0
2016-01-04,657831000.0
2016-01-05,655528000.0
2016-01-06,653000000.0
2016-01-07,650794000.0
2016-01-08,649103000.0
2016-01-09,646812000.0
2016-01-10,644525000.0
2016-01-11,643391000.0
2016-01-12,641159000.0
2016-01-13,637281000.0
2016-01-14,634169000.0
2016-01-15,630688000.0
2016-01-16,628419000.0
2016-01-17,629044000.0
2016-01-18,627188000.0
2016-01-19,624222000.0
2016-01-20,620469000.0
2016-01-21,616516000.0
2016-01-22,613350000.0
2016-01-23,610394000.0
2016-01-24,608956000.0
2016-01-25,605703000.0
2016-01-26,602347000.0
2016-01-27,599688000.0
2016-01-28,596725000.0
2016-01-29,593316000.0
2016-01-30,590562000.0
2016-01-31,587662000.0
2016-02-01,584312000.0
2016-02-02,580125000.0
2016-02-03,576325000.0
2016-02-04,572209000.0
2016-02-05,569625000.0
2016-02-06,566612000.0
2016-02-07,563488000.0
2016-02-08,561494000.0
2016-02-09,560156000.0
2016-02-10,557506000.0
2016-02-11,554838000.0
2016-02-12,552375000.0
2016-02-13,548488000.0
2016-02-14,545862000.0
2016-02-15,545394000.0
2016-02-16,546719000.0
2016-02-17,551094000.0
2016-02-18,552344000.0
2016-02-19,553328000.0
2016-02-20,555988000.0
2016-02-21,561578000.0
2016-02-22,563738000.0
2016-02-23,565244000.0
2016-02-24,566962000.0
2016-02-25,568900000.0
2016-02-26,569719000.0
2016-02-27,571000000.0
2016-02-28,571644000.0
2016-02-29,572300000.0
2016-03-01,573144000.0
2016-03-02,573912000.0
2016-03-03,574281000.0
2016-03-04,575550000.0
2016-03-05,576406000.0
2016-03-06,577422000.0
2016-03-07,578100000.0
2016-03-08,579044000.0
2016-03-09,579844000.0
2016-03-10,580375000.0
2016-03-11,580969000.0
2016-03-12,583012000.0
2016-03-13,583569000.0
2016-03-14,584862000.0
2016-03-15,585888000.0
2016-03-16,587169000.0
2016-03-17,589594000.0
2016-03-18,590519000.0
2016-03-19,591719000.0
2016-03-20,595538000.0
2016-03-21,597406000.0
2016-03-22,598772000.0
2016-03-23,599197000.0
2016-03-24,599600000.0
2016-03-25,599741000.0
2016-03-26,600166000.0
2016-03-27,602347000.0
2016-03-28,602694000.0
2016-03-29,602862000.0
2016-03-30,603388000.0
2016-03-31,603981000.0
2016-04-01,605031000.0
2016-04-02,606616000.0
2016-04-03,607156000.0
2016-04-04,607794000.0
2016-04-05,608075000.0
2016-04-06,608131000.0
2016-04-07,608188000.0
2016-04-08,612694000.0
2016-04-09,616125000.0
2016-04-10,619225000.0
2016-04-11,621438000.0
2016-04-12,624275000.0
2016-04-13,626372000.0
2016-04-14,627188000.0
2016-04-15,627406000.0
2016-04-16,627875000.0
2016-04-17,628684000.0
2016-04-18,628791000.0
2016-04-19,628844000.0
2016-04-20,628844000.0
2016-04-21,628684000.0
2016-04-22,629144000.0
2016-04-23,628050000.0
2016-04-24,628006000.0
2016-04-25,628525000.0
2016-04-26,630425000.0
2016-04-27,632091000.0
2016-04-28,633719000.0
2016-04-29,635453000.0
2016-04-30,636644000.0
2016-05-01,638481000.0
2016-05-02,639900000.0
2016-05-03,640569000.0
2016-05-04,643012000.0
2016-05-05,642481000.0
2016-05-06,642912000.0
2016-05-07,643644000.0
2016-05-08,644469000.0
2016-05-09,647047000.0
2016-05-10,649069000.0
2016-05-11,650316000.0
2016-05-12,650275000.0
2016-05-13,649309000.0
2016-05-14,648412000.0
2016-05-15,647094000.0
2016-05-16,645200000.0
2016-05-17,646281000.0
2016-05-18,646212000.0
2016-05-19,644806000.0
2016-05-20,643203000.0
2016-05-21,641294000.0
2016-05-22,639156000.0
2016-05-23,636894000.0
2016-05-24,634556000.0
2016-05-25,633438000.0
2016-05-26,634781000.0
2016-05-27,635156000.0
2016-05-28,635312000.0
2016-05-29,634256000.0
2016-05-30,636391000.0
2016-05-31,639016000.0
2016-06-01,638069000.0
2016-06-02,636553000.0
2016-06-03,636944000.0
2016-06-04,637803000.0
2016-06-05,637775000.0
2016-06-06,637719000.0
2016-06-07,638412000.0
2016-06-08,637656000.0
2016-06-09,636088000.0
2016-06-10,635156000.0
2016-06-11,633819000.0
2016-06-12,632475000.0
2016-06-13,630512000.0
2016-06-14,629144000.0
2016-06-15,627641000.0
2016-06-16,624275000.0
2016-06-17,620594000.0
2016-06-18,617750000.0
2016-06-19,615253000.0
2016-06-20,612162000.0
2016-06-21,609212000.0
2016-06-22,606119000.0
2016-06-23,603150000.0
2016-06-24,600444000.0
2016-06-25,595778000.0
2016-06-26,592112000.0
2016-06-27,587062000.0
2016-06-28,583406000.0
2016-06-29,578150000.0
2016-06-30,572700000.0
2016-07-01,570494000.0
2016-07-02,565547000.0
2016-07-03,563738000.0
2016-07-04,560312000.0
2016-07-05,560375000.0
2016-07-06,561634000.0
2016-07-07,557612000.0
2016-07-08,558431000.0
2016-07-09,558625000.0
2016-07-10,556194000.0
2016-07-11,557981000.0
2016-07-12,554341000.0
2016-07-13,551966000.0
2016-07-14,552047000.0
2016-07-15,558466000.0
2016-07-16,562894000.0
2016-07-17,565144000.0
2016-07-18,567825000.0
2016-07-19,563988000.0
2016-07-20,561719000.0
2016-07-21,561466000.0
2016-07-22,557188000.0
2016-07-23,555044000.0
2016-07-24,551050000.0
2016-07-25,549488000.0
2016-07-26,544888000.0
2016-07-27,540616000.0
2016-07-28,535488000.0
2016-07-29,530850000.0
2016-07-30,528488000.0
2016-07-31,525366000.0
2016-08-01,523450000.0
2016-08-02,518969000.0
2016-08-03,516512000.0
2016-08-04,511888000.0
2016-08-05,507156000.0
2016-08-06,504288000.0
2016-08-07,501025000.0
2016-08-08,498931000.0
2016-08-09,496288000.0
2016-08-10,492375000.0
2016-08-11,491062000.0
2016-08-12,487975000.0
2016-08-13,488419000.0
2016-08-14,485162000.0
2016-08-15,484219000.0
2016-08-16,485562000.0
2016-08-17,487919000.0
2016-08-18,484694000.0
2016-08-19,484694000.0
2016-08-20,483416000.0
2016-08-21,481769000.0
2016-08-22,480219000.0
2016-08-23,478684000.0
2016-08-24,476975000.0
2016-08-25,472719000.0
2016-08-26,468688000.0
2016-08-27,468056000.0
2016-08-28,468862000.0
2016-08-29,464325000.0
2016-08-30,464494000.0
2016-08-31,464606000.0
2016-09-01,466562000.0
2016-09-02,464075000.0
2016-09-03,464409000.0
2016-09-04,467450000.0
2016-09-05,469125000.0
2016-09-06,471956000.0
2016-09-07,473856000.0
2016-09-08,475531000.0
2016-09-09,475500000.0
2016-09-10,480406000.0
2016-09-11,487609000.0
2016-09-12,493181000.0
2016-09-13,498462000.0
2016-09-14,505250000.0
2016-09-15,514388000.0
2016-09-16,518166000.0
2016-09-17,518925000.0
2016-09-18,516806000.0
2016-09-19,517522000.0
2016-09-20,517278000.0
2016-09-21,517900000.0
2016-09-22,517562000.0
2016-09-23,517156000.0
2016-09-24,516806000.0
2016-09-25,520006000.0
2016-09-26,523831000.0
2016-09-27,528606000.0
2016-09-28,529625000.0
2016-09-29,532222000.0
2016-09-30,535522000.0
2016-10-01,540112000.0
2016-10-02,544916000.0
2016-10-03,543406000.0
2016-10-04,542406000.0
2016-10-05,540934000.0
2016-10-06,538975000.0
2016-10-07,539725000.0
2016-10-08,540562000.0
2016-10-09,544719000.0
2016-10-10,551050000.0
2016-10-11,556988000.0
2016-10-12,564478000.0
2016-10-13,569438000.0
2016-10-14,581703000.0
2016-10-15,587125000.0
2016-10-16,593762000.0
2016-10-17,599688000.0
2016-10-18,604469000.0
2016-10-19,606031000.0
2016-10-20,610328000.0
2016-10-21,615294000.0
2016-10-22,619112000.0
2016-10-23,620094000.0
2016-10-24,619025000.0
2016-10-25,624116000.0
2016-10-26,626200000.0
2016-10-27,629672000.0
2016-10-28,632091000.0
2016-10-29,639941000.0
2016-10-30,644281000.0
2016-10-31,648456000.0
2016-11-01,653681000.0
2016-11-02,658172000.0
2016-11-03,662612000.0
2016-11-04,666919000.0
2016-11-05,669100000.0
2016-11-06,669203000.0
2016-11-07,672319000.0
2016-11-08,677544000.0
2016-11-09,681125000.0
2016-11-10,685569000.0
2016-11-11,685775000.0
2016-11-12,686688000.0
2016-11-13,686050000.0
2016-11-14,694341000.0
2016-11-15,693731000.0
2016-11-16,702425000.0
2016-11-17,708656000.0
2016-11-18,714656000.0
2016-11-19,721562000.0
2016-11-20,727744000.0
2016-11-21,731688000.0
2016-11-22,735606000.0
2016-11-23,738919000.0
2016-11-24,743894000.0
2016-11-25,751781000.0
2016-11-26,757328000.0
2016-11-27,762781000.0
2016-11-28,769262000.0
2016-11-29,775178000.0
2016-11-30,779550000.0
2016-12-01,786256000.0
2016-12-02,792581000.0
2016-12-03,797625000.0
2016-12-04,802828000.0
2016-12-05,807034000.0
2016-12-06,812094000.0
2016-12-07,819131000.0
2016-12-08,825641000.0
2016-12-09,828669000.0
2016-12-10,834962000.0
2016-12-11,840547000.0
2016-12-12,843956000.0
2016-12-13,848844000.0
2016-12-14,853094000.0
2016-12-15,856812000.0
2016-12-16,860312000.0
2016-12-17,863834000.0
2016-12-18,869022000.0
2016-12-19,871262000.0
2016-12-20,874106000.0
2016-12-21,879056000.0
2016-12-22,883191000.0
2016-12-23,887875000.0
2016-12-24,893156000.0
2016-12-25,897012000.0
2016-12-26,900400000.0
2016-12-27,905906000.0
2016-12-28,908762000.0
2016-12-29,906419000.0
2016-12-30,902300000.0
2016-12-31,901212000.0
2017-01-01,899850000.0
2017-01-02,899569000.0
2017-01-03,895381000.0
2017-01-04,890609000.0
2017-01-05,887256000.0
2017-01-06,882950000.0
2017-01-07,881212000.0
2017-01-08,879969000.0
2017-01-09,876688000.0
2017-01-10,873406000.0
2017-01-11,869706000.0
2017-01-12,867259000.0
2017-01-13,867062000.0
2017-01-14,868056000.0
2017-01-15,864075000.0
2017-01-16,860588000.0
2017-01-17,859325000.0
2017-01-18,860544000.0
2017-01-19,862778000.0
2017-01-20,863662000.0
2017-01-21,862588000.0
2017-01-22,858797000.0
2017-01-23,854944000.0
2017-01-24,850262000.0
2017-01-25,847400000.0
2017-01-26,843591000.0
2017-01-27,843019000.0
2017-01-28,839188000.0
2017-01-29,835625000.0
2017-01-30,833141000.0
2017-01-31,829238000.0
2017-02-01,829325000.0
2017-02-02,825484000.0
2017-02-03,823738000.0
2017-02-04,821906000.0
2017-02-05,822031000.0
2017-02-06,870194000.0
2017-02-07,865154000.0
2017-02-08,860004000.0
2017-02-09,856433000.0
2017-02-10,851718000.0
2017-02-11,850166000.0
2017-02-12,849649000.0
2017-02-13,845918000.0
2017-02-14,841231000.0
2017-02-15,837011000.0
2017-02-16,832055000.0
2017-02-17,830525000.0
2017-02-18,825985000.0
2017-02-19,824228000.0
2017-02-20,821519000.0
2017-02-21,816831000.0
2017-02-22,812556000.0
2017-02-23,810194000.0
2017-02-24,809133000.0
2017-02-25,809302000.0
2017-02-26,808067000.0
2017-02-27,804590000.0
2017-02-28,803414000.0
2017-03-01,799730000.0
2017-03-02,795827000.0
2017-03-03,792268000.0
2017-03-04,791656000.0
2017-03-05,791155000.0
2017-03-06,791100000.0
2017-03-07,790155000.0
2017-03-08,792268000.0
2017-03-09,793213000.0
2017-03-10,791322000.0
2017-03-11,790433000.0
2017-03-12,788989000.0
2017-03-13,787164000.0
2017-03-14,789600000.0
2017-03-15,796884000.0
2017-03-16,802190000.0
2017-03-17,805991000.0
2017-03-18,809581000.0
2017-03-19,812893000.0
2017-03-20,816384000.0
2017-03-21,813850000.0
2017-03-22,811824000.0
2017-03-23,816273000.0
2017-03-24,818072000.0
2017-03-25,824738000.0
2017-03-26,839173000.0
2017-03-27,847639000.0
2017-03-28,853379000.0
2017-03-29,860987000.0
2017-03-30,870252000.0
2017-03-31,885405000.0
2017-04-01,898261000.0
2017-04-02,908066000.0
2017-04-03,913339000.0
2017-04-04,912033000.0
2017-04-05,910022000.0
2017-04-06,907533000.0
2017-04-07,906348000.0
2017-04-08,904692000.0
2017-04-09,905224000.0
2017-04-10,902864000.0
2017-04-11,900503000.0
2017-04-12,899677000.0
2017-04-13,903745000.0
2017-04-14,908955000.0
2017-04-15,905816000.0
2017-04-16,908777000.0
2017-04-17,907533000.0
2017-04-18,908422000.0
2017-04-19,905757000.0
2017-04-20,904041000.0
2017-04-21,900503000.0
2017-04-22,903331000.0
2017-04-23,906348000.0
2017-04-24,902629000.0
2017-04-25,900916000.0
2017-04-26,900798000.0
2017-04-27,904573000.0
2017-04-28,907533000.0
2017-04-29,910260000.0
2017-04-30,913280000.0
2017-05-01,919042000.0
2017-05-02,921904000.0
2017-05-03,920651000.0
2017-05-04,919817000.0
2017-05-05,923216000.0
2017-05-06,934212000.0
2017-05-07,945574000.0
2017-05-08,958808000.0
2017-05-09,966945000.0
2017-05-10,980362000.0
2017-05-11,987527000.0
2017-05-12,996497000.0
2017-05-13,1001670000.0
2017-05-14,1007537000.0
2017-05-15,1010871000.0
2017-05-16,1015952000.0
2017-05-17,1017743000.0
2017-05-18,1025502000.0
2017-05-19,1031231000.0
2017-05-20,1041268000.0
2017-05-21,1046212000.0
2017-05-22,1048899000.0
2017-05-23,1049213000.0
2017-05-24,1049401000.0
2017-05-25,1049965000.0
2017-05-26,1049777000.0
2017-05-27,1048586000.0
2017-05-28,1045649000.0
2017-05-29,1045461000.0
2017-05-30,1051471000.0
2017-05-31,1051973000.0
2017-06-01,1051408000.0
2017-06-02,1051220000.0
2017-06-03,1048212000.0
2017-06-04,1044710000.0
2017-06-05,1042519000.0
2017-06-06,1038900000.0
2017-06-07,1037588000.0
2017-06-08,1041080000.0
2017-06-09,1041518000.0
2017-06-10,1042707000.0
2017-06-11,1044897000.0
2017-06-12,1047152000.0
2017-06-13,1046087000.0
2017-06-14,1045586000.0
2017-06-15,1049150000.0
2017-06-16,1050655000.0
2017-06-17,1051847000.0
2017-06-18,1054170000.0
2017-06-19,1058373000.0
2017-06-20,1057870000.0
2017-06-21,1058310000.0
2017-06-22,1058939000.0
2017-06-23,1058562000.0
2017-06-24,1054861000.0
2017-06-25,1055735000.0
2017-06-26,1056110000.0
2017-06-27,1060197000.0
2017-06-28,1062022000.0
2017-06-29,1060574000.0
2017-06-30,1061393000.0
2017-07-01,1059882000.0
2017-07-02,1057241000.0
2017-07-03,1055735000.0
2017-07-04,1053040000.0
2017-07-05,1051345000.0
2017-07-06,1048962000.0
2017-07-07,1046212000.0
2017-07-08,1047340000.0
2017-07-09,1048150000.0
2017-07-10,1048150000.0
2017-07-11,1047152000.0
2017-07-12,1044647000.0
2017-07-13,1043833000.0
2017-07-14,1042832000.0
2017-07-15,1041581000.0
2017-07-16,1039338000.0
2017-07-17,1038275000.0
2017-07-18,1040455000.0
2017-07-19,1039213000.0
2017-07-20,1039338000.0
2017-07-21,1037900000.0
2017-07-22,1033968000.0
2017-07-23,1030608000.0
2017-07-24,1025938000.0
2017-07-25,1021593000.0
2017-07-26,1019109000.0
2017-07-27,1015394000.0
2017-07-28,1011676000.0
2017-07-29,1007352000.0
2017-07-30,1003644000.0
2017-07-31,998715000.0
2017-08-01,994404000.0
2017-08-02,991950000.0
2017-08-03,987649000.0
2017-08-04,985816000.0
2017-08-05,980913000.0
2017-08-06,976637000.0
2017-08-07,973583000.0
2017-08-08,971752000.0
2017-08-09,972362000.0
2017-08-10,971142000.0
2017-08-11,973583000.0
2017-08-12,975415000.0
2017-08-13,971752000.0
2017-08-14,971142000.0
2017-08-15,971752000.0
2017-08-16,968711000.0
2017-08-17,964450000.0
2017-08-18,961418000.0
2017-08-19,962634000.0
2017-08-20,958990000.0
2017-08-21,954754000.0
2017-08-22,952333000.0
2017-08-23,947505000.0
2017-08-24,946902000.0
2017-08-25,942079000.0
2017-08-26,943886000.0
2017-08-27,944489000.0
2017-08-28,942681000.0
2017-08-29,945695000.0
2017-08-30,942681000.0
2017-08-31,942200000.0
2017-09-01,937996000.0
2017-09-02,937034000.0
2017-09-03,936013000.0
2017-09-04,932540000.0
2017-09-05,935653000.0
2017-09-06,937395000.0
2017-09-07,935473000.0
2017-09-08,937274000.0
2017-09-09,936674000.0
2017-09-10,936073000.0
2017-09-11,934872000.0
2017-09-12,935473000.0
2017-09-13,936674000.0
2017-09-14,939078000.0
2017-09-15,940281000.0
2017-09-16,945092000.0
2017-09-17,947505000.0
2017-09-18,948706000.0
2017-09-19,946902000.0
2017-09-20,950518000.0
2017-09-21,951123000.0
2017-09-22,952938000.0
2017-09-23,956564000.0
2017-09-24,957170000.0
2017-09-25,955360000.0
2017-09-26,955958000.0
2017-09-27,955360000.0
2017-09-28,951728000.0
2017-09-29,949310000.0
2017-09-30,949310000.0
2017-10-01,950518000.0
2017-10-02,953543000.0
2017-10-03,954148000.0
2017-10-04,952938000.0
2017-10-05,952333000.0
2017-10-06,955958000.0
2017-10-07,959597000.0
2017-10-08,963234000.0
2017-10-09,960204000.0
2017-10-10,957170000.0
2017-10-11,957777000.0
2017-10-12,957170000.0
2017-10-13,954754000.0
2017-10-14,955958000.0
2017-10-15,955958000.0
2017-10-16,951728000.0
2017-10-17,947505000.0
2017-10-18,943284000.0
2017-10-19,939078000.0
2017-10-20,940281000.0
2017-10-21,937875000.0
2017-10-22,934272000.0
2017-10-23,930084000.0
2017-10-24,928887000.0
2017-10-25,924112000.0
2017-10-26,926494000.0
2017-10-27,923515000.0
2017-10-28,925897000.0
2017-10-29,922918000.0
2017-10-30,919936000.0
2017-10-31,918149000.0
2017-11-01,915181000.0
2017-11-02,915181000.0
2017-11-03,913993000.0
2017-11-04,916371000.0
2017-11-05,916966000.0
2017-11-06,916371000.0
2017-11-07,912211000.0
2017-11-08,908659000.0
2017-11-09,904514000.0
2017-11-10,905697000.0
2017-11-11,902157000.0
2017-11-12,898025000.0
2017-11-13,893910000.0
2017-11-14,890383000.0
2017-11-15,890383000.0
2017-11-16,890383000.0
2017-11-17,890970000.0
2017-11-18,896257000.0
2017-11-19,900975000.0
2017-11-20,899795000.0
2017-11-21,897436000.0
2017-11-22,896846000.0
2017-11-23,898025000.0
2017-11-24,895676000.0
2017-11-25,896257000.0
2017-11-26,895087000.0
2017-11-27,890970000.0
2017-11-28,889796000.0
2017-11-29,885698000.0
2017-11-30,883941000.0
2017-12-01,879856000.0
2017-12-02,876355000.0
2017-12-03,875190000.0
2017-12-04,874025000.0
2017-12-05,871705000.0
2017-12-06,867640000.0
2017-12-07,863590000.0
2017-12-08,864169000.0
2017-12-09,866487000.0
2017-12-10,865327000.0
2017-12-11,863011000.0
2017-12-12,864169000.0
2017-12-13,865907000.0
2017-12-14,865327000.0
2017-12-15,861854000.0
2017-12-16,857817000.0
2017-12-17,853207000.0
2017-12-18,848615000.0
2017-12-19,844607000.0
2017-12-20,841745000.0
2017-12-21,838317000.0
2017-12-22,837182000.0
2017-12-23,836042000.0
2017-12-24,834902000.0
2017-12-25,831486000.0
2017-12-26,829788000.0
2017-12-27,827517000.0
2017-12-28,826949000.0
2017-12-29,824682000.0
2017-12-30,820727000.0
2017-12-31,816774000.0
2018-01-01,812837000.0
2018-01-02,812274000.0
2018-01-03,810025000.0
2018-01-04,808909000.0
2018-01-05,807786000.0
2018-01-06,804422000.0
2018-01-07,801072000.0
2018-01-08,796047000.0
2018-01-09,794382000.0
2018-01-10,793436000.0
2018-01-11,793714000.0
2018-01-12,794216000.0
2018-01-13,790878000.0
2018-01-14,788329000.0
2018-01-15,786111000.0
2018-01-16,782180000.0
2018-01-17,782180000.0
2018-01-18,784394000.0
2018-01-19,786610000.0
2018-01-20,787719000.0
2018-01-21,787719000.0
2018-01-22,783840000.0
2018-01-23,784394000.0
2018-01-24,783840000.0
2018-01-25,782180000.0
2018-01-26,778320000.0
2018-01-27,777768000.0
2018-01-28,778320000.0
2018-01-29,775563000.0
2018-01-30,776114000.0
2018-01-31,775012000.0
2018-02-01,771168000.0
2018-02-02,767332000.0
2018-02-03,766235000.0
2018-02-04,765687000.0
2018-02-05,763497000.0
2018-02-06,759677000.0
2018-02-07,755859000.0
2018-02-08,751512000.0
2018-02-09,749883000.0
2018-02-10,748797000.0
2018-02-11,746634000.0
2018-02-12,745009000.0
2018-02-13,742304000.0
2018-02-14,737991000.0
2018-02-15,733689000.0
2018-02-16,729392000.0
2018-02-17,726183000.0
2018-02-18,722439000.0
2018-02-19,720837000.0
2018-02-20,719244000.0
2018-02-21,716580000.0
2018-02-22,716580000.0
2018-02-23,714453000.0
2018-02-24,712335000.0
2018-02-25,708624000.0
2018-02-26,704929000.0
2018-02-27,701763000.0
2018-02-28,697032000.0
2018-03-01,691269000.0
2018-03-02,688132000.0
2018-03-03,683548000.0
2018-03-04,678770000.0
2018-03-05,678770000.0
2018-03-06,677214000.0
2018-03-07,673077000.0
2018-03-08,667405000.0
2018-03-09,662262000.0
2018-03-10,657144000.0
2018-03-11,651536000.0
2018-03-12,645951000.0
2018-03-13,641906000.0
2018-03-14,637362000.0
2018-03-15,633343000.0
2018-03-16,629336000.0
2018-03-17,623844000.0
2018-03-18,619861000.0
2018-03-19,618370000.0
2018-03-20,617384000.0
2018-03-21,614410000.0
2018-03-22,611937000.0
2018-03-23,610462000.0
2018-03-24,606521000.0
2018-03-25,603089000.0
2018-03-26,598201000.0
2018-03-27,592848000.0
2018-03-28,587517000.0
2018-03-29,586074000.0
2018-03-30,581740000.0
2018-03-31,581740000.0
2018-04-01,582221000.0
2018-04-02,584145000.0
2018-04-03,584627000.0
2018-04-04,583664000.0
2018-04-05,584627000.0
2018-04-06,586557000.0
2018-04-07,586074000.0
2018-04-08,585109000.0
2018-04-09,586074000.0
2018-04-10,586557000.0
2018-04-11,588484000.0
2018-04-12,592363000.0
2018-04-13,597225000.0
2018-04-14,599661000.0
2018-04-15,598690000.0
2018-04-16,598201000.0
2018-04-17,597225000.0
2018-04-18,595762000.0
2018-04-19,598690000.0
2018-04-20,598690000.0
2018-04-21,595762000.0
2018-04-22,596737000.0
2018-04-23,596737000.0
2018-04-24,597225000.0
2018-04-25,599661000.0
2018-04-26,599178000.0
2018-04-27,607013000.0
2018-04-28,611937000.0
2018-04-29,622349000.0
2018-04-30,628835000.0
2018-05-01,634851000.0
2018-05-02,639885000.0
2018-05-03,644937000.0
2018-05-04,652555000.0
2018-05-05,658168000.0
2018-05-06,664317000.0
2018-05-07,672043000.0
2018-05-08,683964000.0
2018-05-09,696507000.0
2018-05-10,709154000.0
2018-05-11,715516000.0
2018-05-12,723508000.0
2018-05-13,734220000.0
2018-05-14,747712000.0
2018-05-15,761310000.0
2018-05-16,770618000.0
2018-05-17,779976000.0
2018-05-18,790488000.0
2018-05-19,806664000.0
2018-05-20,821858000.0
2018-05-21,836042000.0
2018-05-22,846320000.0
2018-05-23,855510000.0
2018-05-24,861854000.0
2018-05-25,867640000.0
2018-05-26,872868000.0
2018-05-27,889209000.0
2018-05-28,903331000.0
2018-05-29,911024000.0
2018-05-30,917561000.0
2018-05-31,922918000.0
2018-06-01,928887000.0
2018-06-02,937274000.0
2018-06-03,946902000.0
2018-06-04,954148000.0
2018-06-05,958383000.0
2018-06-06,958383000.0
2018-06-07,955958000.0
2018-06-08,952938000.0
2018-06-09,949310000.0
2018-06-10,945695000.0
2018-06-11,945092000.0
2018-06-12,945092000.0
2018-06-13,941477000.0
2018-06-14,939679000.0
2018-06-15,936674000.0
2018-06-16,935473000.0
2018-06-17,931881000.0
2018-06-18,928288000.0
2018-06-19,926494000.0
2018-06-20,922918000.0
2018-06-21,919936000.0
2018-06-22,919936000.0
2018-06-23,925306000.0
2018-06-24,933073000.0
2018-06-25,936674000.0
2018-06-26,940281000.0
2018-06-27,947505000.0
2018-06-28,952938000.0
2018-06-29,955360000.0
2018-06-30,953543000.0
2018-07-01,955360000.0
2018-07-02,957170000.0
2018-07-03,957777000.0
2018-07-04,961418000.0
2018-07-05,965058000.0
2018-07-06,968102000.0
2018-07-07,970540000.0
2018-07-08,972972000.0
2018-07-09,968711000.0
2018-07-10,964450000.0
2018-07-11,960204000.0
2018-07-12,958383000.0
2018-07-13,956564000.0
2018-07-14,954754000.0
2018-07-15,950518000.0
2018-07-16,947505000.0
2018-07-17,949310000.0
2018-07-18,948706000.0
2018-07-19,945695000.0
2018-07-20,945092000.0
2018-07-21,942681400.0
2018-07-22,940281000.0
2018-07-23,937274000.0
2018-07-24,936674000.0
2018-07-25,933673000.0
2018-07-26,934872000.0
2018-07-27,939679000.0
2018-07-28,945092000.0
2018-07-29,948102000.0
2018-07-30,951728000.0
2018-07-31,955958000.0
2018-08-01,955360000.0
2018-08-02,952333000.0
2018-08-03,956564000.0
2018-08-04,957170000.0
2018-08-05,959597000.0
2018-08-06,957777000.0
2018-08-07,954754000.0
2018-08-08,951728000.0
2018-08-09,948706000.0
2018-08-10,945092000.0
2018-08-11,942079000.0
2018-08-12,938476000.0
2018-08-13,936073000.0
2018-08-14,934872000.0
2018-08-15,932481000.0
2018-08-16,930084000.0
2018-08-17,926494000.0
2018-08-18,922918000.0
2018-08-19,922321000.0
2018-08-20,919340000.0
2018-08-21,915776000.0
2018-08-22,912211000.0
2018-08-23,909252000.0
2018-08-24,908066000.0
2018-08-25,907474000.0
2018-08-26,907474000.0
2018-08-27,907474000.0
2018-08-28,904514000.0
2018-08-29,903331000.0
2018-08-30,900975000.0
2018-08-31,898025000.0
2018-09-01,895676000.0
2018-09-02,897436000.0
2018-09-03,894498000.0
2018-09-04,893322000.0
2018-09-05,892146000.0
2018-09-06,890970000.0
2018-09-07,892146000.0
2018-09-08,893322000.0
2018-09-09,890383000.0
2018-09-10,889796000.0
2018-09-11,889796000.0
2018-09-12,888622000.0
2018-09-13,888622000.0
2018-09-14,888043000.0
2018-09-15,886870000.0
2018-09-16,886870000.0
2018-09-17,883941000.0
2018-09-18,881602000.0
2018-09-19,880440000.0
2018-09-20,883356000.0
2018-09-21,887456000.0
2018-09-22,892734000.0
2018-09-23,895087000.0
2018-09-24,897436000.0
2018-09-25,899205000.0
2018-09-26,901566000.0
2018-09-27,907474000.0
2018-09-28,913398000.0
2018-09-29,916371000.0
2018-09-30,921725000.0
2018-10-01,922918000.0
2018-10-02,920532000.0
2018-10-03,918745000.0
2018-10-04,916371000.0
2018-10-05,916371000.0
2018-10-06,913993000.0
2018-10-07,918149000.0
2018-10-08,921128000.0
2018-10-09,925306000.0
2018-10-10,931881000.0
2018-10-11,939679000.0
2018-10-12,944489000.0
2018-10-13,948102000.0
2018-10-14,952938000.0
2018-10-15,957170000.0
2018-10-16,961418000.0
2018-10-17,966884000.0
2018-10-18,972362000.0
2018-10-19,976026000.0
2018-10-20,981525000.0
2018-10-21,988878000.0
2018-10-22,994404000.0
2018-10-23,999332000.0
2018-10-24,1006115000.0
2018-10-25,1011676000.0
2018-10-26,1019109000.0
2018-10-27,1024079000.0
2018-10-28,1027805000.0
2018-10-29,1029673000.0
2018-10-30,1035278000.0
2018-10-31,1035278000.0
2018-11-01,1034030000.0
2018-11-02,1036526000.0
2018-11-03,1037151000.0
2018-11-04,1041518000.0
2018-11-05,1044021000.0
2018-11-06,1047779000.0
2018-11-07,1052161000.0
2018-11-08,1051534000.0
2018-11-09,1052789000.0
2018-11-10,1052161000.0
2018-11-11,1050279000.0
2018-11-12,1049025000.0
2018-11-13,1050906000.0
2018-11-14,1052789000.0
2018-11-15,1052789000.0
2018-11-16,1050906000.0
2018-11-17,1049025000.0
2018-11-18,1053416000.0
2018-11-19,1053416000.0
2018-11-20,1055301000.0
2018-11-21,1055921000.0
2018-11-22,1054672000.0
2018-11-23,1058436000.0
2018-11-24,1060952000.0
2018-11-25,1060952000.0
2018-11-26,1060952000.0
2018-11-27,1061582000.0
2018-11-28,1062211000.0
2018-11-29,1065984000.0
2018-11-30,1063471000.0
2018-12-01,1062841000.0
2018-12-02,1059064000.0
2018-12-03,1055921000.0
2018-12-04,1053416000.0
2018-12-05,1051534000.0
2018-12-06,1049652000.0
2018-12-07,1050279000.0
2018-12-08,1049025000.0
2018-12-09,1046526000.0
2018-12-10,1043395000.0
2018-12-11,1041518000.0
2018-12-12,1040268000.0
2018-12-13,1038400000.0
2018-12-14,1035902000.0
2018-12-15,1032782000.0
2018-12-16,1029050000.0
2018-12-17,1025316000.0
2018-12-18,1021593000.0
2018-12-19,1017867000.0
2018-12-20,1014774000.0
2018-12-21,1011056000.0
2018-12-22,1007352000.0
2018-12-23,1004879000.0
2018-12-24,1003644000.0
2018-12-25,1021593000.0
2018-12-26,998099000.0
2018-12-27,993788000.0
2018-12-28,989492000.0
2018-12-29,987649000.0
2018-12-30,983363000.0
2018-12-31,979076000.0
2019-01-01,975415000.0
2019-01-02,973583000.0
2019-01-03,968711000.0
2019-01-04,964450000.0
2019-01-05,960204000.0
2019-01-06,958990000.0
2019-01-07,957777000.0
2019-01-08,956564000.0
2019-01-09,956564000.0
2019-01-10,955360000.0
2019-01-11,952333000.0
2019-01-12,949914000.0
2019-01-13,945695000.0
2019-01-14,941477000.0
2019-01-15,937875000.0
2019-01-16,934872000.0
2019-01-17,933073000.0
2019-01-18,931881000.0
2019-01-19,929485000.0
2019-01-20,927690000.0
2019-01-21,926494000.0
2019-01-22,924709000.0
2019-01-23,922918000.0
2019-01-24,918149000.0
2019-01-25,916371000.0
2019-01-26,912804000.0
2019-01-27,911024000.0
2019-01-28,908066000.0
2019-01-29,903331000.0
2019-01-30,898025000.0
2019-01-31,893322000.0
2019-02-01,888043000.0
2019-02-02,882771000.0
2019-02-03,876938000.0
2019-02-04,871705000.0
2019-02-05,866487000.0
2019-02-06,868220000.0
2019-02-07,869381000.0
2019-02-08,871705000.0
2019-02-09,873450000.0
2019-02-10,875190000.0
2019-02-11,871124000.0
2019-02-12,866487000.0
2019-02-13,861854000.0
2019-02-14,860120000.0
2019-02-15,854358000.0
2019-02-16,850913000.0
2019-02-17,845173000.0
2019-02-18,840030000.0
2019-02-19,836042000.0
2019-02-20,831486000.0
2019-02-21,826949000.0
2019-02-22,825815000.0
2019-02-23,821292000.0
2019-02-24,816217000.0
2019-02-25,811149000.0
2019-02-26,806664000.0
2019-02-27,803302000.0
2019-02-28,801072000.0
2019-03-01,796047000.0
2019-03-02,792156000.0
2019-03-03,787164000.0
2019-03-04,782180000.0
2019-03-05,778872000.0
2019-03-06,801072000.0
2019-03-07,770618000.0
2019-03-08,767332000.0
2019-03-09,762403000.0
2019-03-10,756949000.0
2019-03-11,754232000.0
2019-03-12,749340000.0
2019-03-13,743927000.0
2019-03-14,741223000.0
2019-03-15,735835000.0
2019-03-16,732076000.0
2019-03-17,728319000.0
2019-03-18,725112000.0
2019-03-19,724042000.0
2019-03-20,719244000.0
2019-03-21,716048000.0
2019-03-22,712866000.0
2019-03-23,707566000.0
2019-03-24,703345000.0
2019-03-25,700189000.0
2019-03-26,697032000.0
2019-03-27,690746000.0
2019-03-28,687616000.0
2019-03-29,685007000.0
2019-03-30,680848000.0
2019-03-31,677732000.0
2019-04-01,676177000.0
2019-04-02,678770000.0
2019-04-03,690746000.0
2019-04-04,672560000.0
2019-04-05,669977000.0
2019-04-06,669977000.0
2019-04-07,670493000.0
2019-04-08,671526000.0
2019-04-09,668945000.0
2019-04-10,666375000.0
2019-04-11,663803000.0
2019-04-12,659704000.0
2019-04-13,658680000.0
2019-04-14,656633000.0
2019-04-15,653575000.0
2019-04-16,650518000.0
2019-04-17,646458000.0
2019-04-18,644937000.0
2019-04-19,645951000.0
2019-04-20,644430000.0
2019-04-21,648490000.0
2019-04-22,652046000.0
2019-04-23,656633000.0
2019-04-24,661242000.0
2019-04-25,663289000.0
2019-04-26,666890000.0
2019-04-27,667920000.0
2019-04-28,670493000.0
2019-04-29,673594000.0
2019-04-30,672560000.0
2019-05-01,670493000.0
2019-05-02,668429000.0
2019-05-03,665346000.0
2019-05-04,662262000.0
2019-05-05,659192000.0
2019-05-06,656122000.0
2019-05-07,653575000.0
2019-05-08,653065000.0
2019-05-09,651536000.0
2019-05-10,654085000.0
2019-05-11,655611000.0
2019-05-12,657656000.0
2019-05-13,660216000.0
2019-05-14,667405000.0
2019-05-15,673077000.0
2019-05-16,677214000.0
2019-05-17,683444000.0
2019-05-18,688654000.0
2019-05-19,697032000.0
2019-05-20,703873000.0
2019-05-21,710744000.0
2019-05-22,717645000.0
2019-05-23,724042000.0
2019-05-24,733689000.0
2019-05-25,741763000.0
2019-05-26,752056000.0
2019-05-27,764044000.0
2019-05-28,772817000.0
2019-05-29,778872000.0
2019-05-30,786610000.0
2019-05-31,797720000.0
2019-06-01,808347000.0
2019-06-02,817338000.0
2019-06-03,824115000.0
2019-06-04,829788000.0
2019-06-05,829788000.0
2019-06-06,834332000.0
2019-06-07,842317000.0
2019-06-08,847467000.0
2019-06-09,850338000.0
2019-06-10,849764000.0
2019-06-11,853207000.0
2019-06-12,858394000.0
2019-06-13,861276000.0
2019-06-14,863590000.0
2019-06-15,872868000.0
2019-06-16,877521000.0
2019-06-17,881024000.0
2019-06-18,883941000.0
2019-06-19,884527000.0
2019-06-20,882771000.0
2019-06-21,881024000.0
2019-06-22,876938000.0
2019-06-23,873450000.0
2019-06-24,871124000.0
2019-06-25,869381000.0
2019-06-26,867640000.0
2019-06-27,867059000.0
2019-06-28,868220000.0
2019-06-29,869962000.0
2019-06-30,872287000.0
2019-07-01,875190000.0
2019-07-02,873450000.0
2019-07-03,875190000.0
2019-07-04,873450000.0
2019-07-05,873450000.0
2019-07-06,873450000.0
2019-07-07,872287000.0
2019-07-08,870542000.0
2019-07-09,870542000.0
2019-07-10,868220000.0
2019-07-11,864169000.0
2019-07-12,860698000.0
2019-07-13,864169000.0
2019-07-14,866487000.0
2019-07-15,869381000.0
2019-07-16,871124000.0
2019-07-17,874025000.0
2019-07-18,876355000.0
2019-07-19,878105000.0
2019-07-20,880440000.0
2019-07-21,882771000.0
2019-07-22,882186000.0
2019-07-23,886870000.0
2019-07-24,886870000.0
2019-07-25,883941000.0
2019-07-26,880440000.0
2019-07-27,876355000.0
2019-07-28,872287000.0
2019-07-29,867640000.0
2019-07-30,865327000.0
2019-07-31,862432000.0
2019-08-01,857240000.0
2019-08-02,856087000.0
2019-08-03,854934000.0
2019-08-04,853782000.0
2019-08-05,848615000.0
2019-08-06,843462000.0
2019-08-07,837753000.0
2019-08-08,836042000.0
2019-08-09,832624000.0
2019-08-10,830356000.0
2019-08-11,828084000.0
2019-08-12,827517000.0
2019-08-13,825815000.0
2019-08-14,824682000.0
2019-08-15,824115000.0
2019-08-16,819032000.0
2019-08-17,813963000.0
2019-08-18,812274000.0
2019-08-19,810025000.0
2019-08-20,808460000.0
2019-08-21,803190000.0
2019-08-22,800624000.0
2019-08-23,796660000.0
2019-08-24,791433000.0
2019-08-25,788933000.0
2019-08-26,782954000.0
2019-08-27,778872000.0
2019-08-28,775894000.0
2019-08-29,774248000.0
2019-08-30,771992000.0
2019-08-31,766783000.0
2019-09-01,763990000.0
2019-09-02,760224000.0
2019-09-03,755641000.0
2019-09-04,751241000.0
2019-09-05,746743000.0
2019-09-06,743007000.0
2019-09-07,738638000.0
2019-09-08,733689000.0
2019-09-09,728963000.0
2019-09-10,726397000.0
2019-09-11,722760000.0
2019-09-12,720837000.0
2019-09-13,719404000.0
2019-09-14,715091000.0
2019-09-15,710797000.0
2019-09-16,711168000.0
2019-09-17,707672000.0
2019-09-18,704823000.0
2019-09-19,702132000.0
2019-09-20,700663000.0
2019-09-21,702396000.0
2019-09-22,709949000.0
2019-09-23,709154000.0
2019-09-24,703926000.0
2019-09-25,701868000.0
2019-09-26,700715000.0
2019-09-27,695824000.0
2019-09-28,691479000.0
2019-09-29,685737000.0
2019-09-30,681466000.0
2019-10-01,678563000.0
2019-10-02,678770000.0
2019-10-03,674111000.0
2019-10-04,669461000.0
2019-10-05,665860000.0
2019-10-06,700663000.0
2019-10-07,664317000.0
2019-10-08,664831000.0
2019-10-09,665346000.0
2019-10-10,667405000.0
2019-10-11,671526000.0
2019-10-12,679809000.0
2019-10-13,688654000.0
2019-10-14,688132000.0
2019-10-15,692317000.0
2019-10-16,694932000.0
2019-10-17,698084000.0
2019-10-18,700189000.0
2019-10-19,703345000.0
2019-10-20,708095000.0
2019-10-21,711804000.0
2019-10-22,714453000.0
2019-10-23,720310000.0
2019-10-24,724042000.0
2019-10-25,728855000.0
2019-10-26,735835000.0
2019-10-27,744468000.0
2019-10-28,749340000.0
2019-10-29,754770000.0
2019-10-30,759131000.0
2019-10-31,764592000.0
2019-11-01,768422000.0
2019-11-02,772267000.0
2019-11-03,768971000.0
2019-11-04,771717000.0
2019-11-05,768422000.0
2019-11-06,771168000.0
2019-11-07,772267000.0
2019-11-08,774468000.0
2019-11-09,776665000.0
2019-11-10,779424000.0
2019-11-11,782733000.0
2019-11-12,782733000.0
2019-11-13,786610000.0
2019-11-14,790488000.0
2019-11-15,794940000.0
2019-11-16,799954000.0
2019-11-17,803862000.0
2019-11-18,807786000.0
2019-11-19,804982000.0
2019-11-20,802743000.0
2019-11-21,799395000.0
2019-11-22,796047000.0
2019-11-23,794940000.0
2019-11-24,790488000.0
2019-11-25,787164000.0
2019-11-26,782733000.0
2019-11-27,778872000.0
2019-11-28,775012000.0
2019-11-29,768422000.0
2019-11-30,767332000.0
2019-12-01,762950000.0
2019-12-02,758586000.0
2019-12-03,755314000.0
2019-12-04,750426000.0
2019-12-05,746634000.0
2019-12-06,749340000.0
2019-12-07,752056000.0
2019-12-08,754232000.0
2019-12-09,755859000.0
2019-12-10,754770000.0
2019-12-11,755859000.0
2019-12-12,756404000.0
2019-12-13,757495000.0
2019-12-14,756949000.0
2019-12-15,761310000.0
2019-12-16,762403000.0
2019-12-17,764592000.0
2019-12-18,766783000.0
2019-12-19,762950000.0
2019-12-20,767880000.0
2019-12-21,765687000.0
2019-12-22,760770000.0
2019-12-23,756949000.0
2019-12-24,758586000.0
2019-12-25,762403000.0
2019-12-26,764592000.0
2019-12-27,767332000.0
2019-12-28,768971000.0
2019-12-29,770618000.0
2019-12-30,766235000.0
2019-12-31,772817000.0
2020-01-01,771717000.0
2020-01-02,767332000.0
2020-01-03,762403000.0
2020-01-04,758040000.0
2020-01-05,753144000.0
2020-01-06,748254000.0
2020-01-07,742304000.0
2020-01-08,738530000.0
2020-01-09,736374000.0
2020-01-10,733689000.0
2020-01-11,728319000.0
2020-01-12,729392000.0
2020-01-13,726718000.0
2020-01-14,724042000.0
2020-01-15,719777000.0
2020-01-16,707566000.0
2020-01-17,707566000.0
2020-01-18,703345000.0
2020-01-19,697032000.0
2020-01-20,691793000.0
2020-01-21,686572000.0
2020-01-22,681882000.0
2020-01-23,682923000.0
2020-01-24,679290000.0
2020-01-25,675658000.0
2020-01-26,669977000.0
2020-01-27,664317000.0
2020-01-28,660216000.0
2020-01-29,654596000.0
2020-01-30,650009000.0
2020-01-31,644430000.0
2020-02-01,638875000.0
2020-02-02,634348000.0
2020-02-03,623844000.0
2020-02-04,623844000.0
2020-02-05,617874000.0
2020-02-06,612431000.0
2020-02-07,609476000.0
2020-02-08,607013000.0
2020-02-09,607997000.0
2020-02-10,607013000.0
2020-02-11,604070000.0
2020-02-12,597225000.0
2020-02-13,590906000.0
2020-02-14,586074000.0
2020-02-15,586557000.0
2020-02-16,581260000.0
2020-02-17,576000000.0
2020-02-18,569820000.0
2020-02-19,564155000.0
2020-02-20,559480000.0
2020-02-21,555318000.0
2020-02-22,551641000.0
2020-02-23,547517000.0
2020-02-24,544326000.0
2020-02-25,540685000.0
2020-02-26,536153000.0
2020-02-27,533443000.0
2020-02-28,526237000.0
2020-02-29,520413000.0
2020-03-01,516399000.0
2020-03-02,512837000.0
2020-03-03,510179000.0
2020-03-04,506200000.0
2020-03-05,500476000.0
2020-03-06,494781000.0
2020-03-07,489551000.0
2020-03-08,485642000.0
2020-03-09,481753000.0
2020-03-10,477020000.0
2020-03-11,472736000.0
2020-03-12,470173000.0
2020-03-13,465496000.0
2020-03-14,460844000.0
2020-03-15,456637000.0
2020-03-16,451198000.0
2020-03-17,445796000.0
2020-03-18,440432000.0
2020-03-19,435511000.0
2020-03-20,431431000.0
2020-03-21,426962000.0
2020-03-22,421707000.0
2020-03-23,417680000.0
2020-03-24,411680000.0
2020-03-25,406905000.0
2020-03-26,400970000.0
2020-03-27,396253000.0
2020-03-28,393510000.0
2020-03-29,387669000.0
2020-03-30,384574000.0
2020-03-31,384574000.0
2020-04-01,385348000.0
2020-04-02,380334000.0
2020-04-03,383028000.0
2020-04-04,386122000.0
2020-04-05,388835000.0
2020-04-06,388835000.0
2020-04-07,388835000.0
2020-04-08,386898000.0
2020-04-09,390392000.0
2020-04-10,386510000.0
2020-04-11,392342000.0
2020-04-12,395468000.0
2020-04-13,397426000.0
2020-04-14,399393000.0
2020-04-15,397038000.0
2020-04-16,393119000.0
2020-04-17,394684000.0
2020-04-18,390392000.0
2020-04-19,391172000.0
2020-04-20,386510000.0
2020-04-21,383028000.0
2020-04-22,382260000.0
2020-04-23,381489000.0
2020-04-24,379180000.0
2020-04-25,383028000.0
2020-04-26,385348000.0
2020-04-27,386898000.0
2020-04-28,386510000.0
2020-04-29,383800000.0
2020-04-30,386898000.0
2020-05-01,383800000.0
2020-05-02,381875000.0
2020-05-03,379564000.0
2020-05-04,377265000.0
2020-05-05,374203000.0
2020-05-06,368874000.0
2020-05-07,371156000.0
2020-05-08,372680000.0
2020-05-09,373821000.0
2020-05-10,375350000.0
2020-05-11,372299000.0
2020-05-12,370014000.0
2020-05-13,367361000.0
2020-05-14,368874000.0
2020-05-15,370395000.0
2020-05-16,372680000.0
2020-05-17,373821000.0
2020-05-18,375732000.0
2020-05-19,379564000.0
2020-05-20,374585000.0
2020-05-21,375732000.0
2020-05-22,377649000.0
2020-05-23,378412000.0
2020-05-24,379180000.0
2020-05-25,379180000.0
2020-05-26,373821000.0
2020-05-27,375350000.0
2020-05-28,379180000.0
2020-05-29,381104000.0
2020-05-30,386898000.0
2020-05-31,389613000.0
2020-06-01,391562000.0
2020-06-02,393393000.0
2020-06-03,395115000.0
2020-06-04,396096000.0
2020-06-05,398527000.0
2020-06-06,399630000.0
2020-06-07,400773000.0
2020-06-08,402664000.0
2020-06-09,403534000.0
2020-06-10,408212000.0
2020-06-11,410403000.0
2020-06-12,418765000.0
2020-06-13,419570000.0
2020-06-14,422190000.0
2020-06-15,424774000.0
2020-06-16,425300000.0
2020-06-17,428704000.0
2020-06-18,430412000.0
2020-06-19,436535000.0
2020-06-20,443438000.0
2020-06-21,450197000.0
2020-06-22,455126000.0
2020-06-23,458483000.0
2020-06-24,460675000.0
2020-06-25,467366000.0
2020-06-26,471924000.0
2020-06-27,475989000.0
2020-06-28,482704000.0
2020-06-29,485426000.0
2020-06-30,488638000.0
2020-07-01,498499000.0
2020-07-02,504743000.0
2020-07-03,512748000.0
2020-07-04,520413000.0
2020-07-05,528261000.0
2020-07-06,535609000.0
2020-07-07,541139000.0
2020-07-08,547882000.0
2020-07-09,553014000.0
2020-07-10,559899000.0
2020-07-11,567080000.0
2020-07-12,573336000.0
2020-07-13,580066000.0
2020-07-14,586846000.0
2020-07-15,590906000.0
2020-07-16,594058000.0
2020-07-17,595714000.0
2020-07-18,598153000.0
2020-07-19,600493000.0
2020-07-20,602991000.0
2020-07-21,602648000.0
2020-07-22,607554000.0
2020-07-23,607505000.0
2020-07-24,611202000.0
2020-07-25,614459000.0
2020-07-26,617432000.0
2020-07-27,624686000.0
2020-07-28,632439000.0
2020-07-29,638371000.0
2020-07-30,639128000.0
2020-07-31,642260000.0
2020-08-01,645292000.0
2020-08-02,647880000.0
2020-08-03,649299000.0
2020-08-04,649704000.0
2020-08-05,646205000.0
2020-08-06,642260000.0
2020-08-07,644076000.0
2020-08-08,645698000.0
2020-08-09,645393000.0
2020-08-10,641501000.0
2020-08-11,637110000.0
2020-08-12,638472000.0
2020-08-13,643114000.0
2020-08-14,642058000.0
2020-08-15,646560000.0
2020-08-16,650467000.0
2020-08-17,657042000.0
2020-08-18,661088000.0
2020-08-19,666220000.0
2020-08-20,675969000.0
2020-08-21,681466000.0
2020-08-22,688968000.0
2020-08-23,695719000.0
2020-08-24,702923000.0
2020-08-25,707672000.0
2020-08-26,713981000.0
2020-08-27,718284000.0
2020-08-28,727783000.0
2020-08-29,724577000.0
2020-08-30,721638000.0
2020-08-31,718764000.0
2020-09-01,719297000.0
2020-09-02,718764000.0
2020-09-03,722439000.0
2020-09-04,728963000.0
2020-09-05,732130000.0
2020-09-06,739934000.0
2020-09-07,746255000.0
2020-09-08,755532000.0
2020-09-09,761094000.0
2020-09-10,767057000.0
2020-09-11,773698000.0
2020-09-12,775453000.0
2020-09-13,781192000.0
2020-09-14,782844000.0
2020-09-15,788218000.0
2020-09-16,793492000.0
2020-09-17,798892000.0
2020-09-18,806664000.0
2020-09-19,812499000.0
2020-09-20,817620000.0
2020-09-21,823556000.0
2020-09-22,829334000.0
2020-09-23,833763000.0
2020-09-24,837753000.0
2020-09-25,844607000.0
2020-09-26,848615000.0
2020-09-27,856664000.0
2020-09-28,861276000.0
2020-09-29,865327000.0
2020-09-30,871705000.0
2020-10-01,872287000.0
2020-10-02,872868000.0
2020-10-03,875772000.0
2020-10-04,879856000.0
2020-10-05,880440000.0
2020-10-06,885698000.0
2020-10-07,889209000.0
2020-10-08,892734000.0
2020-10-09,895676000.0
2020-10-10,898025000.0
2020-10-11,897436000.0
2020-10-12,898025000.0
2020-10-13,902748000.0
2020-10-14,906881000.0
2020-10-15,909844000.0
2020-10-16,912804000.0
2020-10-17,913398000.0
2020-10-18,915181000.0
2020-10-19,915776000.0
2020-10-20,915181000.0
2020-10-21,913993000.0
2020-10-22,912211000.0
2020-10-23,910438000.0
2020-10-24,910438000.0
2020-10-25,909252000.0
2020-10-26,913398000.0
2020-10-27,912211000.0
2020-10-28,912804000.0
2020-10-29,912804000.0
2020-10-30,912211000.0
2020-10-31,915776000.0
2020-11-01,919936000.0
2020-11-02,925306000.0
2020-11-03,930683000.0
2020-11-04,933673000.0
2020-11-05,934272000.0
2020-11-06,935473000.0
2020-11-07,934272000.0
2020-11-08,932481000.0
2020-11-09,932481000.0
2020-11-10,940281000.0
2020-11-11,949310000.0
2020-11-12,957170000.0
2020-11-13,968711000.0
2020-11-14,977860000.0
2020-11-15,985816000.0
2020-11-16,993180000.0
2020-11-17,999332000.0
2020-11-18,1006115000.0
2020-11-19,1010438000.0
2020-11-20,1013534000.0
2020-11-21,1014774000.0
2020-11-22,1017247000.0
2020-11-23,1017867000.0
2020-11-24,1015394000.0
2020-11-25,1012914000.0
2020-11-26,1010438000.0
2020-11-27,1010438000.0
2020-11-28,1011676000.0
2020-11-29,1012914000.0
2020-11-30,1012914000.0
2020-12-01,1014278000.0
2020-12-02,1015766000.0
2020-12-03,1025627000.0
2020-12-04,1028614000.0
2020-12-05,1030795000.0
2020-12-06,1036027000.0
2020-12-07,1034279000.0
2020-12-08,1032536000.0
2020-12-09,1029175000.0
2020-12-10,1025502000.0
2020-12-11,1021531000.0
2020-12-12,1018053000.0
2020-12-13,1013968000.0
2020-12-14,1011180000.0
2020-12-15,1011552000.0
2020-12-16,1011242000.0
2020-12-17,1008772000.0
2020-12-18,1005188000.0
2020-12-19,1000874000.0
2020-12-20,996497000.0
2020-12-21,993788000.0
2020-12-22,989799000.0
2020-12-23,987036000.0
2020-12-24,983608000.0
2020-12-25,982750000.0
2020-12-26,984466000.0
2020-12-27,983363000.0
2020-12-28,982321000.0
2020-12-29,979811000.0
2020-12-30,977310000.0
2020-12-31,973644000.0
2021-01-01,970901000.0
2021-01-02,968955000.0
2021-01-03,968955000.0
2021-01-04,965606000.0
2021-01-05,960932000.0
2021-01-06,956504000.0
2021-01-07,952696000.0
2021-01-08,951062000.0
2021-01-09,947324000.0
2021-01-10,945876000.0
2021-01-11,948222000.0
2021-01-12,952696000.0
2021-01-13,955719000.0
2021-01-14,959900000.0
2021-01-15,962269000.0
2021-01-16,964268000.0
2021-01-17,966275000.0
2021-01-18,963174000.0
2021-01-19,958262000.0
2021-01-20,953301000.0
2021-01-21,948585000.0
2021-01-22,944670000.0
2021-01-23,942200000.0
2021-01-24,940935000.0
2021-01-25,937154000.0
2021-01-26,933133000.0
2021-01-27,928528000.0
2021-01-28,923634000.0
2021-01-29,918745000.0
2021-01-30,913696000.0
2021-01-31,908659000.0
2021-02-01,903390000.0
2021-02-02,898674000.0
2021-02-03,893969000.0
2021-02-04,889092000.0
2021-02-05,886284000.0
2021-02-06,881777000.0
2021-02-07,876763000.0
2021-02-08,874083000.0
2021-02-09,872461000.0
2021-02-10,869613000.0
2021-02-11,865443000.0
2021-02-12,861102000.0
2021-02-13,856318000.0
2021-02-14,851143000.0
2021-02-15,846033000.0
2021-02-16,840830000.0
2021-02-17,835358000.0
2021-02-18,831486000.0
2021-02-19,827403000.0
2021-02-20,822594000.0
2021-02-21,819145000.0
2021-02-22,815259000.0
2021-02-23,811487000.0
2021-02-24,807225000.0
2021-02-25,803022000.0
2021-02-26,800792000.0
2021-02-27,798055000.0
2021-02-28,793881000.0
2021-03-01,789711000.0
2021-03-02,787996000.0
2021-03-03,784947000.0
2021-03-04,782844000.0
2021-03-05,779424000.0
2021-03-06,778210000.0
2021-03-07,781192000.0
2021-03-08,781413000.0
2021-03-09,780418000.0
2021-03-10,778927000.0
2021-03-11,778265000.0
2021-03-12,778651000.0
2021-03-13,779313000.0
2021-03-14,780750000.0
2021-03-15,780197000.0
2021-03-16,779976000.0
2021-03-17,782291000.0
2021-03-18,785778000.0
2021-03-19,792268000.0
2021-03-20,803974000.0
2021-03-21,811993000.0
2021-03-22,820727000.0
2021-03-23,825248000.0
2021-03-24,833649000.0
2021-03-25,840145000.0
2021-03-26,845173000.0
2021-03-27,850683000.0
2021-03-28,854934000.0
2021-03-29,859542000.0
2021-03-30,864574000.0
2021-03-31,868452000.0
2021-04-01,872170000.0
2021-04-02,875947000.0
2021-04-03,880966000.0
2021-04-04,886635000.0
2021-04-05,891558000.0
2021-04-06,892440000.0
2021-04-07,890383000.0
2021-04-08,887984000.0
2021-04-09,888274000.0
2021-04-10,890089000.0
2021-04-11,896846000.0
2021-04-12,903450000.0
2021-04-13,901389000.0
2021-04-14,903156000.0
2021-04-15,899500000.0
2021-04-16,902981000.0
2021-04-17,905461000.0
2021-04-18,908303000.0
2021-04-19,909133000.0
2021-04-20,904573000.0
2021-04-21,902806000.0
2021-04-22,900385000.0
2021-04-23,909252000.0
2021-04-24,912804000.0
2021-04-25,912211000.0
2021-04-26,908659000.0
2021-04-27,905697000.0
2021-04-28,904514000.0
2021-04-29,911617000.0
2021-04-30,918149000.0
2021-05-01,922858000.0
2021-05-02,931222000.0
2021-05-03,943043000.0
2021-05-04,952756000.0
2021-05-05,960750000.0
2021-05-06,968285000.0
2021-05-07,977310000.0
2021-05-08,986667000.0
2021-05-09,995943000.0
2021-05-10,1005868000.0
2021-05-11,1010933000.0
2021-05-12,1017371000.0
2021-05-13,1022587000.0
2021-05-14,1031668000.0
2021-05-15,1038963000.0
2021-05-16,1049213000.0
2021-05-17,1061582000.0
2021-05-18,1065353000.0
2021-05-19,1067308000.0
2021-05-20,1067434000.0
2021-05-21,1065984000.0
2021-05-22,1072160000.0
2021-05-23,1071655000.0
2021-05-24,1070273000.0
2021-05-25,1072666000.0
2021-05-26,1074308000.0
2021-05-27,1072981000.0
2021-05-28,1070905000.0
2021-05-29,1069390000.0
2021-05-30,1070526000.0
2021-05-31,1074308000.0
2021-06-01,1080882000.0
2021-06-02,1085066000.0
2021-06-03,1086968000.0
2021-06-04,1085447000.0
2021-06-05,1078357000.0
2021-06-06,1076522000.0
2021-06-07,1075194000.0
2021-06-08,1082403000.0
2021-06-09,1086968000.0
2021-06-10,1085891000.0
2021-06-11,1083354000.0
2021-06-12,1084115000.0
2021-06-13,1082847000.0
2021-06-14,1086145000.0
2021-06-15,1082466000.0
2021-06-16,1080819000.0
2021-06-17,1076142000.0
2021-06-18,1073487000.0
2021-06-19,1071156000.0
2021-06-20,1073171000.0
2021-06-21,1080059000.0
2021-06-22,1081072000.0
2021-06-23,1083861000.0
2021-06-24,1085764000.0
2021-06-25,1083924000.0
2021-06-26,1078737000.0
2021-06-27,1077408000.0
2021-06-28,1075130000.0
2021-06-29,1072666000.0
2021-06-30,1068254000.0
2021-07-01,1064282000.0
2021-07-02,1060512000.0
2021-07-03,1056864000.0
2021-07-04,1054233000.0
2021-07-05,1051094000.0
2021-07-06,1051722000.0
2021-07-07,1049150000.0
2021-07-08,1047090000.0
2021-07-09,1045649000.0
2021-07-10,1046902000.0
2021-07-11,1046588000.0
2021-07-12,1043708000.0
2021-07-13,1041206000.0
2021-07-14,1039463000.0
2021-07-15,1040330000.0
2021-07-16,1047215000.0
2021-07-17,1049840000.0
2021-07-18,1050969000.0
2021-07-19,1048212000.0
2021-07-20,1044897000.0
2021-07-21,1041331000.0
2021-07-22,1037713000.0
2021-07-23,1033843000.0
2021-07-24,1032969000.0
2021-07-25,1032474000.0
2021-07-26,1030857000.0
2021-07-27,1032290000.0
2021-07-28,1030110000.0
2021-07-29,1026871000.0
2021-07-30,1023893000.0
2021-07-31,1020164000.0
2021-08-01,1016448000.0
2021-08-02,1012419000.0
2021-08-03,1008833000.0
2021-08-04,1008156000.0
2021-08-05,1004509000.0
2021-08-06,999887000.0
2021-08-07,997236000.0
2021-08-08,996928000.0
2021-08-09,994281000.0
2021-08-10,992135000.0
2021-08-11,989738000.0
2021-08-12,991336000.0
2021-08-13,995635000.0
2021-08-14,1000689000.0
2021-08-15,1004076000.0
2021-08-16,1005250000.0
2021-08-17,1009880000.0
2021-08-18,1012790000.0
2021-08-19,1012667000.0
2021-08-20,1013534000.0
2021-08-21,1011614000.0
2021-08-22,1009139000.0
2021-08-23,1011861000.0
2021-08-24,1013038000.0
2021-08-25,1017185000.0
2021-08-26,1018364000.0
2021-08-27,1018488000.0
2021-08-28,1019109000.0
2021-08-29,1017185000.0
2021-08-30,1023022000.0
2021-08-31,1027556000.0
2021-09-01,1032228000.0
2021-09-02,1032721000.0
2021-09-03,1033531000.0
2021-09-04,1034404000.0
2021-09-05,1040518000.0
2021-09-06,1040768000.0
2021-09-07,1048336000.0
2021-09-08,1055112000.0
2021-09-09,1054170000.0
2021-09-10,1053919000.0
2021-09-11,1054610000.0
2021-09-12,1055425000.0
2021-09-13,1054421000.0
2021-09-14,1055487000.0
2021-09-15,1059442000.0
2021-09-16,1056990000.0
2021-09-17,1053730000.0
2021-09-18,1050091000.0
2021-09-19,1052852000.0
2021-09-20,1053040000.0
2021-09-21,1051785000.0
2021-09-22,1052036000.0
2021-09-23,1056801000.0
2021-09-24,1059190000.0
2021-09-25,1056298000.0
2021-09-26,1056235000.0
2021-09-27,1052600000.0
2021-09-28,1052349000.0
2021-09-29,1050844000.0
2021-09-30,1053479000.0
2021-10-01,1051785000.0
2021-10-02,1057241000.0
2021-10-03,1057870000.0
2021-10-04,1055984000.0
2021-10-05,1055921000.0
2021-10-06,1058562000.0
2021-10-07,1060763000.0
2021-10-08,1057492000.0
2021-10-09,1054610000.0
2021-10-10,1053291000.0
2021-10-11,1051157000.0
2021-10-12,1049025000.0
2021-10-13,1050279000.0
2021-10-14,1053103000.0
2021-10-15,1055238000.0
2021-10-16,1059379000.0
2021-10-17,1061204000.0
2021-10-18,1061708000.0
2021-10-19,1062463000.0
2021-10-20,1063093000.0
2021-10-21,1062211000.0
2021-10-22,1061644000.0
2021-10-23,1060323000.0
2021-10-24,1058121000.0
2021-10-25,1058562000.0
2021-10-26,1062463000.0
2021-10-27,1067434000.0
2021-10-28,1066236000.0
2021-10-29,1065101000.0
2021-10-30,1064345000.0
2021-10-31,1064345000.0
2021-11-01,1066299000.0
2021-11-02,1065353000.0
2021-11-03,1065353000.0
2021-11-04,1068506000.0
2021-11-05,1065984000.0
2021-11-06,1064723000.0
2021-11-07,1062211000.0
2021-11-08,1062841000.0
2021-11-09,1062841000.0
2021-11-10,1063844000.0
2021-11-11,1061708000.0
2021-11-12,1059253000.0
2021-11-13,1060008000.0
2021-11-14,1059442000.0
2021-11-15,1057430000.0
2021-11-16,1055112000.0
2021-11-17,1052726000.0
2021-11-18,1050028000.0
2021-11-19,1050718000.0
2021-11-20,1050028000.0
2021-11-21,1049464000.0
2021-11-22,1048586000.0
2021-11-23,1050467000.0
2021-11-24,1054986000.0
2021-11-25,1059002000.0
2021-11-26,1063345000.0
2021-11-27,1067749000.0
2021-11-28,1067560000.0
2021-11-29,1065227000.0
2021-11-30,1066362000.0
2021-12-01,1068191000.0
2021-12-02,1068191000.0
2021-12-03,1071156000.0
2021-12-04,1073171000.0
2021-12-05,1074498000.0
2021-12-06,1073297000.0
2021-12-07,1070210000.0
2021-12-08,1069011000.0
2021-12-09,1066614000.0
2021-12-10,1064031000.0
2021-12-11,1061833000.0
2021-12-12,1059694000.0
2021-12-13,1057367000.0
2021-12-14,1055112000.0
2021-12-15,1052977000.0
2021-12-16,1050906000.0
2021-12-17,1049464000.0
2021-12-18,1048088000.0
2021-12-19,1045085000.0
2021-12-20,1042144000.0
2021-12-21,1039213000.0
2021-12-22,1036464000.0
2021-12-23,1032536000.0
2021-12-24,1028365000.0
2021-12-25,1025751000.0
2021-12-26,1023022000.0
2021-12-27,1020350000.0
2021-12-28,1016756000.0
2021-12-29,1013968000.0
2021-12-30,1010933000.0
2021-12-31,1007104000.0
2022-01-01,1003644000.0
2022-01-02,1001121000.0
2022-01-03,997668000.0
2022-01-04,994034000.0
2022-01-05,989553000.0
2022-01-06,986606000.0
2022-01-07,985754000.0
2022-01-08,982566000.0
2022-01-09,985386000.0
2022-01-10,988386000.0
2022-01-11,986913000.0
2022-01-12,983976000.0
2022-01-13,988816000.0
2022-01-14,988263000.0
2022-01-15,984896000.0
2022-01-16,981035000.0
2022-01-17,984283000.0
2022-01-18,980178000.0
2022-01-19,975904000.0
2022-01-20,976087000.0
2022-01-21,975110000.0
2022-01-22,970479000.0
2022-01-23,965667000.0
2022-01-24,960811000.0
2022-01-25,956867000.0
2022-01-26,953422000.0
2022-01-27,950035000.0
2022-01-28,946962000.0
2022-01-29,943886000.0
2022-01-30,939198000.0
2022-01-31,936434000.0
2022-02-01,931642000.0
2022-02-02,926554000.0
2022-02-03,921486000.0
2022-02-04,917796000.0
2022-02-05,913517000.0
2022-02-06,909133000.0
2022-02-07,905402000.0
2022-02-08,901152000.0
2022-02-09,896788000.0
2022-02-10,892969000.0
2022-02-11,888043000.0
2022-02-12,883122000.0
2022-02-13,881952000.0
2022-02-14,878105000.0
2022-02-15,873276000.0
2022-02-16,868626000.0
2022-02-17,863995000.0
2022-02-18,860293000.0
2022-02-19,856029000.0
2022-02-20,856779000.0
2022-02-21,855280000.0
2022-02-22,853667000.0
2022-02-23,849821000.0
2022-02-24,845689000.0
2022-02-25,842546000.0
2022-02-26,840202000.0
2022-02-27,837011000.0
2022-02-28,839802000.0
2022-03-01,843519000.0
2022-03-02,849591000.0
2022-03-03,848615000.0
2022-03-04,848787000.0
2022-03-05,847467000.0
2022-03-06,849993000.0
2022-03-07,850051000.0
2022-03-08,851488000.0
2022-03-09,848500000.0
2022-03-10,850223000.0
2022-03-11,848098000.0
2022-03-12,851718000.0
2022-03-13,852404000.0
2022-03-14,851258000.0
2022-03-15,851143000.0
2022-03-16,852005000.0
2022-03-17,850913000.0
2022-03-18,849361000.0
2022-03-19,849591000.0
2022-03-20,851200000.0
2022-03-21,853092000.0
2022-03-22,852804000.0
2022-03-23,854704000.0
2022-03-24,851373000.0
2022-03-25,848098000.0
2022-03-26,845173000.0
2022-03-27,844493000.0
2022-03-28,844206000.0
2022-03-29,847869000.0
2022-03-30,850396000.0
2022-03-31,854531000.0
2022-04-01,864053000.0
2022-04-02,868626000.0
2022-04-03,868452000.0
2022-04-04,867407000.0
2022-04-05,870484000.0
2022-04-06,875656000.0
2022-04-07,881024000.0
2022-04-08,885346000.0
2022-04-09,889913000.0
2022-04-10,891499000.0
2022-04-11,890677000.0
2022-04-12,889972000.0
2022-04-13,890324000.0
2022-04-14,886987000.0
2022-04-15,884000000.0
2022-04-16,880732000.0
2022-04-17,878105000.0
2022-04-18,876647000.0
2022-04-19,877346000.0
2022-04-20,882420000.0
2022-04-21,887867000.0
2022-04-22,902157000.0
2022-04-23,913814000.0
2022-04-24,915300000.0
2022-04-25,915062000.0
2022-04-26,919936000.0
2022-04-27,920413000.0
2022-04-28,921427000.0
2022-04-29,920353000.0
2022-04-30,917796000.0
2022-05-01,914706000.0
2022-05-02,913042000.0
2022-05-03,913933000.0
2022-05-04,915479000.0
2022-05-05,915598000.0
2022-05-06,917382000.0
2022-05-07,924709000.0
2022-05-08,927810000.0
2022-05-09,931042000.0
2022-05-10,929366000.0
2022-05-11,928887000.0
2022-05-12,930803000.0
2022-05-13,933133000.0
2022-05-14,935173000.0
2022-05-15,940637000.0
2022-05-16,942019000.0
2022-05-17,942139000.0
2022-05-18,943163000.0
2022-05-19,943826000.0
2022-05-20,942200000.0
2022-05-21,940816000.0
2022-05-22,939378000.0
2022-05-23,937996000.0
2022-05-24,939318000.0
2022-05-25,939559000.0
2022-05-26,940459000.0
2022-05-27,937154000.0
2022-05-28,932954000.0
2022-05-29,932836000.0
2022-05-30,935053000.0
2022-05-31,935113000.0
2022-06-01,935953000.0
2022-06-02,939078000.0
2022-06-03,942079000.0
2022-06-04,944007000.0
2022-06-05,947022000.0
2022-06-06,947863000.0
2022-06-07,953301000.0
2022-06-08,953059000.0
2022-06-09,953059000.0
2022-06-10,952454000.0
2022-06-11,953725000.0
2022-06-12,955117000.0
2022-06-13,955420000.0
2022-06-14,957716000.0
2022-06-15,964389000.0
2022-06-16,974194000.0
2022-06-17,977249000.0
2022-06-18,982199000.0
2022-06-19,988386000.0
2022-06-20,994404000.0
2022-06-21,997606000.0
2022-06-22,1001365000.0
2022-06-23,1003644000.0
2022-06-24,1002965000.0
2022-06-25,1003088000.0
2022-06-26,1007042000.0
2022-06-27,1010438000.0
2022-06-28,1018674000.0
2022-06-29,1032413000.0
2022-06-30,1036526000.0
2022-07-01,1040268000.0
2022-07-02,1046338000.0
2022-07-03,1048899000.0
2022-07-04,1048649000.0
2022-07-05,1047653000.0
2022-07-06,1049464000.0
2022-07-07,1047964000.0
2022-07-08,1046150000.0
2022-07-09,1044146000.0
2022-07-10,1047277000.0
2022-07-11,1049464000.0
2022-07-12,1054421000.0
2022-07-13,1057681000.0
2022-07-14,1058876000.0
2022-07-15,1056738000.0
2022-07-16,1055112000.0
2022-07-17,1057681000.0
2022-07-18,1057807000.0
2022-07-19,1054986000.0
2022-07-20,1052161000.0
2022-07-21,1049965000.0
2022-07-22,1053919000.0
2022-07-23,1055549000.0
2022-07-24,1054044000.0
2022-07-25,1055984000.0
2022-07-26,1055549000.0
2022-07-27,1054044000.0
2022-07-28,1068254000.0
2022-07-29,1072602000.0
2022-07-30,1073424000.0
2022-07-31,1069453000.0
2022-08-01,1074308000.0
2022-08-02,1075573000.0
2022-08-03,1073424000.0
2022-08-04,1071655000.0
2022-08-05,1073992000.0
2022-08-06,1077850000.0
2022-08-07,1076142000.0
2022-08-08,1074878000.0
2022-08-09,1070842000.0
2022-08-10,1068506000.0
2022-08-11,1063782000.0
2022-08-12,1060574000.0
2022-08-13,1057555000.0
2022-08-14,1054986000.0
2022-08-15,1056675000.0
2022-08-16,1058939000.0
2022-08-17,1056298000.0
2022-08-18,1054170000.0
2022-08-19,1055112000.0
2022-08-20,1055425000.0
2022-08-21,1052287000.0
2022-08-22,1057618000.0
2022-08-23,1058121000.0
2022-08-24,1057304000.0
2022-08-25,1056738000.0
2022-08-26,1055487000.0
2022-08-27,1055363000.0
2022-08-28,1057681000.0
2022-08-29,1061015000.0
2022-08-30,1057241000.0
2022-08-31,1056424000.0
2022-09-01,1053103000.0
2022-09-02,1051973000.0
2022-09-03,1049652000.0
2022-09-04,1047716000.0
2022-09-05,1042564000.0
2022-09-06,1043460000.0
2022-09-07,1043460000.0
2022-09-08,1046650000.0
2022-09-09,1047930000.0
2022-09-10,1046650000.0
2022-09-11,1045380000.0
2022-09-12,1047930000.0
2022-09-13,1053060000.0
2022-09-14,1056250000.0
2022-09-15,1059460000.0
2022-09-16,1071000000.0
2022-09-17,1071640000.0
2022-09-18,1076790000.0
2022-09-19,1076140000.0
2022-09-20,1073570000.0
2022-09-21,1071640000.0
2022-09-22,1069720000.0
2022-09-23,1071640000.0
2022-09-24,1070360000.0
2022-09-25,1071640000.0
2022-09-26,1070360000.0
2022-09-27,1067150000.0
2022-09-28,1063940000.0
2022-09-29,1062660000.0
2022-09-30,1060740000.0
2022-10-01,1057274000.0
2022-10-02,1053882000.0
2022-10-03,1053186000.0
2022-10-04,1050170000.0
2022-10-05,1051450000.0
2022-10-06,1052868000.0
2022-10-07,1053249000.0
2022-10-08,1057274000.0
2022-10-09,1056570000.0
2022-10-10,1054202000.0
2022-10-11,1051258000.0
2022-10-12,1047482000.0
2022-10-13,1046524000.0
2022-10-14,1044484000.0
2022-10-15,1043524000.0
2022-10-16,1043972000.0
2022-10-17,1042372000.0
2022-10-18,1041294000.0
2022-10-19,1042308000.0
2022-10-20,1044228000.0
2022-10-21,1043716000.0
2022-10-22,1044292000.0
2022-10-23,1049594000.0
2022-10-24,1050426000.0
2022-10-25,1054010000.0
2022-10-26,1057850000.0
2022-10-27,1059135000.0
2022-10-28,1071064000.0
2022-10-29,1078518000.0
2022-10-30,1077622000.0
2022-10-31,1075180000.0
2022-11-01,1072600000.0
2022-11-02,1069592000.0
2022-11-03,1066382000.0
2022-11-04,1067790000.0
2022-11-05,1065870000.0
2022-11-06,1069208000.0
2022-11-07,1068690000.0
2022-11-08,1072216000.0
2022-11-09,1078262000.0
2022-11-10,1083275000.0
2022-11-11,1085982000.0
2022-11-12,1085214000.0
2022-11-13,1087144000.0
2022-11-14,1083084000.0
2022-11-15,1084630000.0
2022-11-16,1082125000.0
2022-11-17,1079094000.0
2022-11-18,1075564000.0
2022-11-19,1070872000.0
2022-11-20,1068238000.0
2022-11-21,1064580000.0
2022-11-22,1064900000.0
2022-11-23,1067150000.0
2022-11-24,1067470000.0
2022-11-25,1065870000.0
2022-11-26,1065998000.0
2022-11-27,1064196000.0
2022-11-28,1065805000.0
2022-11-29,1066446000.0
2022-11-30,1065220000.0
2022-12-01,1062532000.0
2022-12-02,1058426000.0
2022-12-03,1056186000.0
2022-12-04,1053882000.0
2022-12-05,1051706000.0
2022-12-06,1051002000.0
2022-12-07,1050554000.0
2022-12-08,1050938000.0
2022-12-09,1050106000.0
2022-12-10,1048186000.0
2022-12-11,1049210000.0
2022-12-12,1050490000.0
2022-12-13,1051770000.0
2022-12-14,1049850000.0
2022-12-15,1047290000.0
2022-12-16,1044100000.0
2022-12-17,1042820000.0
2022-12-18,1039630000.0
2022-12-19,1040260000.0
2022-12-20,1040260000.0
2022-12-21,1037080000.0
2022-12-22,1033250000.0
2022-12-23,1029818000.0
2022-12-24,1026506000.0
2022-12-25,1022942000.0
2022-12-26,1019459000.0
2022-12-27,1016410000.0
2022-12-28,1012111000.0
2022-12-29,1007880000.0
2022-12-30,1003785000.0
2022-12-31,999826000.0
2023-01-01,995761000.0
2023-01-02,991570000.0
2023-01-03,988532000.0
2023-01-04,984730000.0
2023-01-05,981640000.0
2023-01-06,977620000.0
2023-01-07,975155000.0
2023-01-08,972451000.0
2023-01-09,970664000.0
2023-01-10,969868000.0
2023-01-11,969496000.0
2023-01-12,969188000.0
2023-01-13,966498000.0
2023-01-14,962824000.0
2023-01-15,960384000.0
2023-01-16,958381000.0
2023-01-17,956800000.0
2023-01-18,956620000.0
2023-01-19,953210000.0
2023-01-20,950490000.0
2023-01-21,947520000.0
2023-01-22,942990000.0
2023-01-23,941180000.0
2023-01-24,938470000.0
2023-01-25,933730000.0
2023-01-26,928770000.0
2023-01-27,924700000.0
2023-01-28,922910000.0
2023-01-29,918040000.0
2023-01-30,913830000.0
2023-01-31,908790000.0
2023-02-01,904892000.0
2023-02-02,899304000.0
2023-02-03,895068000.0
2023-02-04,892902000.0
2023-02-05,888154000.0
2023-02-06,883426000.0
2023-02-07,881096000.0
2023-02-08,876040000.0
2023-02-09,873884000.0
2023-02-10,872144000.0
2023-02-11,868906000.0
2023-02-12,868442000.0
2023-02-13,866654000.0
2023-02-14,864750000.0
2023-02-15,867982000.0
2023-02-16,867925000.0
2023-02-17,863828000.0
2023-02-18,861754000.0
2023-02-19,856120000.0
2023-02-20,851768000.0
2023-02-21,850158000.0
2023-02-22,845193000.0
2023-02-23,846903000.0
2023-02-24,844908000.0
2023-02-25,839788000.0
2023-02-26,834393000.0
2023-02-27,830256000.0
2023-02-28,826306000.0
2023-03-01,822468000.0
2023-03-02,820676000.0
2023-03-03,816848000.0
2023-03-04,816848000.0
2023-03-05,815783000.0
2023-03-06,815612000.0
2023-03-07,814486000.0
2023-03-08,815726000.0
2023-03-09,816512000.0
2023-03-10,814040000.0
2023-03-11,814542000.0
2023-03-12,819266000.0
2023-03-13,824555000.0
2023-03-14,827268000.0
2023-03-15,829635000.0
2023-03-16,832408000.0
2023-03-17,832921000.0
2023-03-18,834906000.0
2023-03-19,836093000.0
2023-03-20,834792000.0
2023-03-21,831724000.0
2023-03-22,828837000.0
2023-03-23,828724000.0
2023-03-24,825344000.0
2023-03-25,824102000.0
2023-03-26,821065000.0
2023-03-27,818986000.0
2023-03-28,817408000.0
2023-03-29,817691000.0
2023-03-30,816680000.0
2023-03-31,814654000.0
2023-04-01,812592000.0
2023-04-02,815214000.0
2023-04-03,812312000.0
2023-04-04,810688000.0
2023-04-05,806834000.0
2023-04-06,803540000.0
2023-04-07,803316000.0
2023-04-08,801478000.0
2023-04-09,797870000.0
2023-04-10,794210000.0
2023-04-11,794100000.0
2023-04-12,793596000.0
2023-04-13,790174000.0
2023-04-14,789560000.0
2023-04-15,788680000.0
2023-04-16,790118000.0
2023-04-17,789615000.0
2023-04-18,791165000.0
2023-04-19,789505000.0
2023-04-20,789120000.0
2023-04-21,788458000.0
2023-04-22,788735000.0
2023-04-23,787460000.0
2023-04-24,786910000.0
2023-04-25,785645000.0
2023-04-26,783215000.0
2023-04-27,783545000.0
2023-04-28,788122000.0
2023-04-29,786635000.0
2023-04-30,792550000.0
2023-05-01,795870000.0
2023-05-02,798092000.0
2023-05-03,796814000.0
2023-05-04,796926000.0
2023-05-05,793764000.0
2023-05-06,793596000.0
2023-05-07,795704000.0
2023-05-08,797262000.0
2023-05-09,795648000.0
2023-05-10,794210000.0
2023-05-11,790395000.0
2023-05-12,792048000.0
2023-05-13,794595000.0
2023-05-14,795424000.0
2023-05-15,794595000.0
2023-05-16,793708000.0
2023-05-17,796982000.0
2023-05-18,793596000.0
2023-05-19,795704000.0
2023-05-20,796702000.0
2023-05-21,795980000.0
2023-05-22,801534000.0
2023-05-23,810632000.0
2023-05-24,818202000.0
2023-05-25,827324000.0
2023-05-26,835300000.0
2023-05-27,842457000.0
2023-05-28,852623000.0
2023-05-29,863999000.0
2023-05-30,873826000.0
2023-05-31,882553000.0
2023-06-01,891374000.0
2023-06-02,896121000.0
2023-06-03,899946000.0
2023-06-04,903771000.0
2023-06-05,907554000.0
2023-06-06,913410000.0
2023-06-07,917381000.0
2023-06-08,922318000.0
2023-06-09,926498000.0
2023-06-10,932110000.0
2023-06-11,940940000.0
2023-06-12,944680000.0
2023-06-13,947880000.0
2023-06-14,950125000.0
2023-06-15,949098000.0
2023-06-16,947700000.0
2023-06-17,946370000.0
2023-06-18,945520000.0
2023-06-19,943110000.0
2023-06-20,941060000.0
2023-06-21,936490000.0
2023-06-22,931810000.0
2023-06-23,933550000.0
2023-06-24,934330000.0
2023-06-25,934570000.0
2023-06-26,939370000.0
2023-06-27,941360000.0
2023-06-28,942390000.0
2023-06-29,941604000.0
2023-06-30,940520000.0
2023-07-01,939190000.0
2023-07-02,939370000.0
2023-07-03,941060000.0
2023-07-04,941970000.0
2023-07-05,946851000.0
2023-07-06,951945000.0
2023-07-07,958503000.0
2023-07-08,965823000.0
2023-07-09,971526000.0
2023-07-10,974292000.0
2023-07-11,977062000.0
2023-07-12,973558000.0
2023-07-13,972817000.0
2023-07-14,969868000.0
2023-07-15,965213000.0
2023-07-16,963748000.0
2023-07-17,965030000.0
2023-07-18,967724000.0
2023-07-19,969991000.0
2023-07-20,971894000.0
2023-07-21,973742000.0
2023-07-22,975584000.0
2023-07-23,977558000.0
2023-07-24,979538000.0
2023-07-25,974664000.0
2023-07-26,971894000.0
2023-07-27,967663000.0
2023-07-28,972634000.0
2023-07-29,975033000.0
2023-07-30,977186000.0
2023-07-31,972080000.0
2023-08-01,968090000.0
2023-08-02,963500000.0
2023-08-03,959720000.0
2023-08-04,955340000.0
2023-08-05,950790000.0
2023-08-06,952006000.0
2023-08-07,948366000.0
2023-08-08,945702000.0
2023-08-09,944080000.0
2023-08-10,943960000.0
2023-08-11,944560000.0
2023-08-12,942990000.0
2023-08-13,941120000.0
2023-08-14,940940000.0
2023-08-15,941421000.0
2023-08-16,938770000.0
2023-08-17,937810000.0
2023-08-18,938890000.0
2023-08-19,934872000.0
2023-08-20,933490000.0
2023-08-21,931390000.0
2023-08-22,931810000.0
2023-08-23,936070000.0
2023-08-24,940038000.0
2023-08-25,943719000.0
2023-08-26,946068000.0
2023-08-27,948061000.0
2023-08-28,943292000.0
2023-08-29,943960000.0
2023-08-30,938830000.0
2023-08-31,933550000.0
2023-09-01,928590000.0
2023-09-02,924108000.0
2023-09-03,921550000.0
2023-09-04,920774000.0
2023-09-05,922790000.0
2023-09-06,924403000.0
2023-09-07,924700000.0
2023-09-08,920597000.0
2023-09-09,915896000.0
2023-09-10,913290000.0
2023-09-11,914893000.0
2023-09-12,916850000.0
2023-09-13,919161000.0
2023-09-14,923450000.0
2023-09-15,925420000.0
2023-09-16,927450000.0
2023-09-17,927750000.0
2023-09-18,925180000.0
2023-09-19,923210000.0
2023-09-20,920538000.0
2023-09-21,918571000.0
2023-09-22,915955000.0
2023-09-23,914303000.0
2023-09-24,912523000.0
2023-09-25,913650000.0
2023-09-26,916014000.0
2023-09-27,917204000.0
2023-09-28,918394000.0
2023-09-29,915070000.0
2023-09-30,918040000.0
2023-10-01,923510000.0
2023-10-02,920715000.0
2023-10-03,917740000.0
2023-10-04,915129000.0
2023-10-05,913054000.0
2023-10-06,910153000.0
2023-10-07,908670000.0
2023-10-08,908373000.0
2023-10-09,904184000.0
2023-10-10,901352000.0
2023-10-11,896947000.0
2023-10-12,893018000.0
2023-10-13,888619000.0
2023-10-14,887046000.0
2023-10-15,885466000.0
2023-10-16,881908000.0
2023-10-17,878244000.0
2023-10-18,874059000.0
2023-10-19,869950000.0
2023-10-20,866364000.0
2023-10-21,863315000.0
2023-10-22,862218000.0
2023-10-23,862276000.0
2023-10-24,861522000.0
2023-10-25,858705000.0
2023-10-26,859684000.0
2023-10-27,858362000.0
2023-10-28,855607000.0
2023-10-29,856918000.0
2023-10-30,860372000.0
2023-10-31,862914000.0
2023-11-01,871796000.0
2023-11-02,882082000.0
2023-11-03,888560000.0
2023-11-04,893424000.0
2023-11-05,896298000.0
2023-11-06,898186000.0
2023-11-07,899710000.0
2023-11-08,900764000.0
2023-11-09,900064000.0
2023-11-10,898363000.0
2023-11-11,896534000.0
2023-11-12,896475000.0
2023-11-13,896829000.0
2023-11-14,897419000.0
2023-11-15,898186000.0
2023-11-16,897655000.0
2023-11-17,896888000.0
2023-11-18,899710000.0
2023-11-19,902709000.0
2023-11-20,904538000.0
2023-11-21,902650000.0
2023-11-22,900532000.0
2023-11-23,897714000.0
2023-11-24,897419000.0
2023-11-25,897714000.0
2023-11-26,897478000.0
2023-11-27,894243000.0
2023-11-28,891374000.0
2023-11-29,888855000.0
2023-11-30,888328000.0
2023-12-01,885756000.0
2023-12-02,882024000.0
2023-12-03,880100000.0
2023-12-04,877606000.0
2023-12-05,875054000.0
2023-12-06,874059000.0
2023-12-07,872028000.0
2023-12-08,870182000.0
2023-12-09,867524000.0
2023-12-10,864056000.0
2023-12-11,861812000.0
2023-12-12,859969000.0
2023-12-13,858591000.0
2023-12-14,856405000.0
2023-12-15,853936000.0
2023-12-16,854284000.0
2023-12-17,853421000.0
2023-12-18,852053000.0
2023-12-19,849926000.0
2023-12-20,846846000.0
2023-12-21,846447000.0
2023-12-22,844395000.0
2023-12-23,840358000.0
2023-12-24,838249000.0
2023-12-25,836938000.0
2023-12-26,834678000.0
2023-12-27,831162000.0
2023-12-28,829635000.0
2023-12-29,829407000.0
2023-12-30,826758000.0
2023-12-31,825571000.0
2024-01-01,820452000.0
2024-01-02,815612000.0
2024-01-03,810408000.0
2024-01-04,806722000.0
2024-01-05,803260000.0
2024-01-06,797815000.0
2024-01-07,792715000.0
2024-01-08,786910000.0
2024-01-09,781400000.0
2024-01-10,777890000.0
2024-01-11,773060000.0
2024-01-12,768260000.0
2024-01-13,762920000.0
2024-01-14,759496000.0
2024-01-15,754572000.0
2024-01-16,749928000.0
2024-01-17,745500000.0
2024-01-18,740299000.0
2024-01-19,734727000.0
2024-01-20,728812000.0
2024-01-21,723178000.0
2024-01-22,717833000.0
2024-01-23,712344000.0
2024-01-24,707240000.0
2024-01-25,701698000.0
2024-01-26,696164000.0
2024-01-27,690550000.0
2024-01-28,684704000.0
2024-01-29,678618000.0
2024-01-30,673785000.0
2024-01-31,668004000.0
2024-02-01,664493000.0
2024-02-02,660580000.0
2024-02-03,659260000.0
2024-02-04,656067000.0
2024-02-05,651170000.0
2024-02-06,646040000.0
2024-02-07,641530000.0
2024-02-08,638830000.0
2024-02-09,634250000.0
2024-02-10,631023000.0
2024-02-11,627014000.0
2024-02-12,621740000.0
2024-02-13,618487000.0
2024-02-14,612607000.0
2024-02-15,607830000.0
2024-02-16,603652000.0
2024-02-17,598812000.0
2024-02-18,592840000.0
2024-02-19,587330000.0
2024-02-20,580948000.0
2024-02-21,575168000.0
2024-02-22,569518000.0
2024-02-23,564217000.0
2024-02-24,558386000.0
2024-02-25,552352000.0
2024-02-26,545978000.0
2024-02-27,539975000.0
2024-02-28,533135000.0
2024-02-29,528055000.0
2024-03-01,522320000.0
2024-03-02,517162000.0
2024-03-03,511802000.0
2024-03-04,506120000.0
2024-03-05,499855000.0
2024-03-06,494372000.0
2024-03-07,488704000.0
2024-03-08,483976000.0
2024-03-09,479604000.0
2024-03-10,474194000.0
2024-03-11,472736000.0
2024-03-12,467194000.0
2024-03-13,461598000.0
2024-03-14,456878000.0
2024-03-15,451638000.0
2024-03-16,446050000.0
2024-03-17,441616000.0
2024-03-18,436053000.0
2024-03-19,431174000.0
2024-03-20,425350000.0
2024-03-21,419794000.0
2024-03-22,413680000.0
2024-03-23,407240000.0
2024-03-24,401060000.0
2024-03-25,395233000.0
2024-03-26,389217000.0
2024-03-27,384333000.0
2024-03-28,379574000.0
2024-03-29,374424000.0
2024-03-30,368526000.0
2024-03-31,364396000.0
2024-04-01,367776000.0
2024-04-02,370302000.0
2024-04-03,368754000.0
2024-04-04,372904000.0
2024-04-05,376371000.0
2024-04-06,379226000.0
2024-04-07,380990000.0
2024-04-08,381988000.0
2024-04-09,378728000.0
2024-04-10,373018000.0
2024-04-11,367330000.0
2024-04-12,361589000.0
2024-04-13,362376000.0
2024-04-14,363684000.0
2024-04-15,357600000.0
2024-04-16,351771000.0
2024-04-17,346379000.0
2024-04-18,341683000.0
2024-04-19,337441000.0
2024-04-20,334276000.0
2024-04-21,335222000.0
2024-04-22,339049000.0
2024-04-23,341091000.0
2024-04-24,342964000.0
2024-04-25,345168000.0
2024-04-26,348081000.0
2024-04-27,350846000.0
2024-04-28,354361000.0
2024-04-29,351290000.0
2024-04-30,346638000.0
2024-05-01,346823000.0
2024-05-02,343291000.0
2024-05-03,342154000.0
2024-05-04,348155000.0
2024-05-05,346712000.0
2024-05-06,342524000.0
2024-05-07,341313000.0
2024-05-08,343291000.0
2024-05-09,348737000.0
2024-05-10,353103000.0
2024-05-11,355111000.0
2024-05-12,362941000.0
2024-05-13,366874000.0
2024-05-14,369732000.0
2024-05-15,375070000.0
2024-05-16,381912000.0
2024-05-17,385532000.0
2024-05-18,387004000.0
2024-05-19,389529000.0
2024-05-20,387160000.0
2024-05-21,386152000.0
2024-05-22,384878000.0
2024-05-23,384567000.0
2024-05-24,387657000.0
2024-05-25,387735000.0
2024-05-26,387160000.0
2024-05-27,386575000.0
2024-05-28,388554000.0
2024-05-29,387891000.0
2024-05-30,385454000.0
2024-05-31,390075000.0
2024-06-01,392561000.0
2024-06-02,395389000.0
2024-06-03,400700000.0
2024-06-04,404020000.0
2024-06-05,405259000.0
2024-06-06,401299000.0
2024-06-07,397427000.0
2024-06-08,392960000.0
2024-06-09,393780000.0
2024-06-10,393351000.0
2024-06-11,398412000.0
2024-06-12,399560000.0
2024-06-13,402480000.0
2024-06-14,404580000.0
2024-06-15,416010000.0
2024-06-16,420850000.0
2024-06-17,422380000.0
2024-06-18,427299000.0
2024-06-19,434321000.0
2024-06-20,441616000.0
2024-06-21,447500000.0
2024-06-22,458474000.0
2024-06-23,468421000.0
2024-06-24,473852000.0
2024-06-25,481334000.0
2024-06-26,486620000.0
2024-06-27,495244000.0
2024-06-28,500600000.0
2024-06-29,503778000.0
2024-06-30,507934000.0
2024-07-01,510870000.0
2024-07-02,518820000.0
2024-07-03,521915000.0
2024-07-04,523805000.0
2024-07-05,525795000.0
2024-07-06,526875000.0
2024-07-07,525975000.0
2024-07-08,522950000.0
2024-07-09,520475000.0
2024-07-10,519490000.0
2024-07-11,519180000.0
2024-07-12,522950000.0
2024-07-13,521150000.0
2024-07-14,517605000.0
2024-07-15,514835000.0
2024-07-16,510870000.0
2024-07-17,507050000.0
2024-07-18,505240000.0
2024-07-19,501920000.0
2024-07-20,498410000.0
2024-07-21,495115000.0
2024-07-22,491224000.0
2024-07-23,487182000.0
2024-07-24,482978000.0
2024-07-25,481033000.0
2024-07-26,480384000.0
2024-07-27,481248000.0
2024-07-28,480516000.0
2024-07-29,479260000.0
2024-07-30,477411000.0
2024-07-31,475734000.0
2024-08-01,473938000.0
2024-08-02,472526000.0
2024-08-03,471927000.0
2024-08-04,474446000.0
2024-08-05,477798000.0
2024-08-06,479303000.0
2024-08-07,479131000.0
2024-08-08,476207000.0
2024-08-09,476938000.0
2024-08-10,474874000.0
2024-08-11,471497000.0
2024-08-12,473465000.0
2024-08-13,474573000.0
2024-08-14,475089000.0
2024-08-15,475433000.0
2024-08-16,475992000.0
2024-08-17,474362000.0
2024-08-18,473895000.0
2024-08-19,475992000.0
2024-08-20,473035000.0
2024-08-21,473207000.0
2024-08-22,472314000.0
2024-08-23,476852000.0
2024-08-24,479002000.0
2024-08-25,479776000.0
2024-08-26,477755000.0
2024-08-27,476637000.0
2024-08-28,474236000.0
2024-08-29,477153000.0
2024-08-30,475089000.0
2024-08-31,473981000.0
2024-09-01,477755000.0
2024-09-02,480472000.0
2024-09-03,480861000.0
2024-09-04,484751000.0
2024-09-05,489186000.0
2024-09-06,486137000.0
2024-09-07,487270000.0
2024-09-08,488575000.0
2024-09-09,487314000.0
2024-09-10,484923000.0
2024-09-11,481334000.0
2024-09-12,481764000.0
2024-09-13,487007000.0
2024-09-14,489230000.0
2024-09-15,492016000.0
2024-09-16,491180000.0
2024-09-17,490573000.0
2024-09-18,489010000.0
2024-09-19,488184000.0
2024-09-20,484751000.0
2024-09-21,485052000.0
2024-09-22,484622000.0
2024-09-23,485267000.0
2024-09-24,483844000.0
2024-09-25,484837000.0
2024-09-26,486180000.0
2024-09-27,486268000.0
2024-09-28,489142000.0
2024-09-29,491532000.0
2024-09-30,493891000.0
2024-10-01,499462000.0
2024-10-02,505328000.0
2024-10-03,506296000.0
2024-10-04,508736000.0
2024-10-05,513988000.0
2024-10-06,518010000.0
2024-10-07,522410000.0
2024-10-08,526425000.0
2024-10-09,531496000.0
2024-10-10,536368000.0
2024-10-11,538878000.0
2024-10-12,543918000.0
2024-10-13,546816000.0
2024-10-14,547460000.0
2024-10-15,549070000.0
2024-10-16,551472000.0
2024-10-17,554298000.0
2024-10-18,557499000.0
2024-10-19,560762000.0
2024-10-20,565862000.0
2024-10-21,570082000.0
2024-10-22,575121000.0
2024-10-23,579240000.0
2024-10-24,584662000.0
2024-10-25,588337000.0
2024-10-26,592648000.0
2024-10-27,596066000.0
2024-10-28,598380000.0
2024-10-29,600839000.0
2024-10-30,603364000.0
2024-10-31,605983000.0
2024-11-01,606659000.0
2024-11-02,604915000.0
2024-11-03,605400000.0
2024-11-04,610414000.0
2024-11-05,614371000.0
2024-11-06,617164000.0
2024-11-07,620996000.0
2024-11-08,624985000.0
2024-11-09,631866000.0
2024-11-10,638980000.0
2024-11-11,644589000.0
2024-11-12,652690000.0
2024-11-13,661188000.0
2024-11-14,667952000.0
2024-11-15,674196000.0
2024-11-16,678566000.0
2024-11-17,682841000.0
2024-11-18,686094000.0
2024-11-19,691590000.0
2024-11-20,693764000.0
2024-11-21,700908000.0
2024-11-22,705566000.0
2024-11-23,711346000.0
2024-11-24,715405000.0
2024-11-25,717780000.0
2024-11-26,722434000.0
2024-11-27,727482000.0
2024-11-28,731050000.0
2024-11-29,734621000.0
2024-11-30,737248000.0
2024-12-01,740564000.0
2024-12-02,745076000.0
2024-12-03,747336000.0
2024-12-04,749280000.0
2024-12-05,750900000.0
2024-12-06,753380000.0
2024-12-07,754356000.0
2024-12-08,756192000.0
2024-12-09,758315000.0
2024-12-10,760045000.0
2024-12-11,762378000.0
2024-12-12,763522000.0
2024-12-13,764612000.0
2024-12-14,766510000.0
2024-12-15,769460000.0
2024-12-16,771155000.0
2024-12-17,772566000.0
2024-12-18,773940000.0
2024-12-19,776075000.0
2024-12-20,778275000.0
2024-12-21,780135000.0
2024-12-22,783325000.0
2024-12-23,788010000.0
2024-12-24,791275000.0
2024-12-25,794265000.0
2024-12-26,798260000.0
2024-12-27,802374000.0
2024-12-28,805100000.0
2024-12-29,808504000.0
2024-12-30,810744000.0
2024-12-31,812816000.0
2025-01-01,814542000.0
2025-01-02,810576000.0
2025-01-03,806834000.0
2025-01-04,806218000.0
2025-01-05,811584000.0
2025-01-06,814430000.0
2025-01-07,818202000.0
2025-01-08,820788000.0
2025-01-09,823084000.0
2025-01-10,819546000.0
2025-01-11,821963000.0
2025-01-12,823878000.0
2025-01-13,818482000.0
2025-01-14,814990000.0
2025-01-15,816064000.0
2025-01-16,810520000.0
2025-01-17,804990000.0
2025-01-18,802150000.0
2025-01-19,797650000.0
2025-01-20,792216000.0
2025-01-21,787075000.0
2025-01-22,781400000.0
2025-01-23,776845000.0
2025-01-24,771155000.0
2025-01-25,767985000.0
2025-01-26,764120000.0
2025-01-27,761510000.0
2025-01-28,757120000.0
2025-01-29,754788000.0
2025-01-30,755976000.0
2025-01-31,752192000.0
2025-02-01,748416000.0
2025-02-02,743090000.0
2025-02-03,738371000.0
2025-02-04,736390000.0
2025-02-05,734409000.0
2025-02-06,730838000.0
2025-02-07,728172000.0
2025-02-08,730466000.0
2025-02-09,738530000.0
2025-02-10,740886000.0
2025-02-11,737142000.0
2025-02-12,732542000.0
2025-02-13,729450000.0
2025-02-14,725942000.0
2025-02-15,722858000.0
2025-02-16,721003000.0
2025-02-17,721215000.0
2025-02-18,720367000.0
2025-02-19,722752000.0
2025-02-20,721904000.0
2025-02-21,721321000.0
2025-02-22,722593000.0
2025-02-23,720367000.0
2025-02-24,716200000.0
2025-02-25,718098000.0
2025-02-26,716460000.0
2025-02-27,716512000.0
2025-02-28,713348000.0
2025-03-01,711500000.0
2025-03-02,707660000.0
2025-03-03,703160000.0
2025-03-04,701700000.0
2025-03-05,701330000.0
2025-03-06,700390000.0
2025-03-07,699810000.0
2025-03-08,693820000.0
2025-03-09,692520000.0
2025-03-10,688940000.0
2025-03-11,688890000.0
2025-03-12,684860000.0
2025-03-13,680820000.0
2025-03-14,676920000.0
2025-03-15,674090000.0
2025-03-16,674510000.0
2025-03-17,674350000.0
2025-03-18,670310000.0
2025-03-19,666280000.0
2025-03-20,664900000.0
2025-03-21,663120000.0
2025-03-22,659670000.0
2025-03-23,655360000.0
2025-03-24,650420000.0
2025-03-25,645690000.0
2025-03-26,643980000.0
2025-03-27,643330000.0
2025-03-28,639930000.0
2025-03-29,636390000.0
2025-03-30,636090000.0
2025-03-31,636040000.0
2025-04-01,636790000.0
2025-04-02,638340000.0
2025-04-03,637730000.0
2025-04-04,635000000.0
2025-04-05,635000000.0
2025-04-06,636590000.0
2025-04-07,639430000.0
2025-04-08,643030000.0
2025-04-09,643580000.0
2025-04-10,652540000.0
2025-04-11,660330000.0
2025-04-12,674140000.0
2025-04-13,683660000.0
2025-04-14,689200000.0
2025-04-15,687440000.0
2025-04-16,685530000.0
2025-04-17,688160000.0
2025-04-18,690860000.0
2025-04-19,694700000.0
2025-04-20,694750000.0
2025-04-21,695740000.0
2025-04-22,694650000.0
2025-04-23,697310000.0
2025-04-24,703320000.0
2025-04-25,704520000.0
2025-04-26,711240000.0
2025-04-27,713240000.0
2025-04-28,718620000.0
2025-04-29,724670000.0
2025-04-30,732760000.0
2025-05-01,739440000.0
2025-05-02,744810000.0
2025-05-03,748690000.0
2025-05-04,751170000.0
2025-05-05,757660000.0
2025-05-06,764230000.0
2025-05-07,769570000.0
2025-05-08,775860000.0
2025-05-09,780630000.0
2025-05-10,787410000.0
2025-05-11,786860000.0
2025-05-12,788790000.0
2025-05-13,789180000.0
2025-05-14,793710000.0
2025-05-15,796700000.0
2025-05-16,800310000.0
2025-05-17,808000000.0
2025-05-18,813820000.0
2025-05-19,820280000.0
2025-05-20,830540000.0
2025-05-21,838650000.0
2025-05-22,843650000.0
2025-05-23,847250000.0
2025-05-24,849810000.0
2025-05-25,852000000.0
2025-05-26,853190000.0
2025-05-27,859740000.0
2025-05-28,860550000.0
2025-05-29,861180000.0
2025-05-30,862680000.0
2025-05-31,863770000.0
2025-06-01,866600000.0
2025-06-02,866480000.0
2025-06-03,866650000.0
2025-06-04,868850000.0
2025-06-05,869720000.0
2025-06-06,870930000.0
2025-06-07,873420000.0
2025-06-08,874710000.0
2025-06-09,876850000.0
2025-06-10,880740000.0
2025-06-11,884650000.0
2025-06-12,889730000.0
2025-06-13,897710000.0
2025-06-14,904720000.0
2025-06-15,911870000.0
2025-06-16,918220000.0
2025-06-17,931750000.0
2025-06-18,942810000.0
2025-06-19,944380000.0
2025-06-20,944500000.0
2025-06-21,948370000.0
2025-06-22,952490000.0
2025-06-23,960810000.0
2025-06-24,970540000.0
2025-06-25,976320000.0
2025-06-26,977310000.0
2025-06-27,985610000.0
2025-06-28,987530000.0
2025-06-29,989090000.0
2025-06-30,993260000.0
2025-07-01,992320000.0
2025-07-02,991700000.0
2025-07-03,989770000.0
2025-07-04,990020000.0
2025-07-05,990390000.0
2025-07-06,990080000.0
2025-07-07,988280000.0
2025-07-08,985610000.0
2025-07-09,983070000.0
2025-07-10,982760000.0
2025-07-11,982450000.0
2025-07-12,979350000.0
2025-07-13,976570000.0
2025-07-14,974350000.0
2025-07-15,971340000.0
2025-07-16,967660000.0
2025-07-17,964420000.0
2025-07-18,960320000.0
2025-07-19,959360000.0
2025-07-20,955700000.0
2025-07-21,951760000.0
2025-07-22,947820000.0
2025-07-23,944320000.0
2025-07-24,940640000.0
2025-07-25,936850000.0
2025-07-26,938590000.0
2025-07-27,938350000.0
2025-07-28,939070000.0
2025-07-29,940100000.0
2025-07-30,941480000.0
2025-07-31,940520000.0
2025-08-01,937570000.0
2025-08-02,934630000.0
2025-08-03,933730000.0
2025-08-04,931330000.0
2025-08-05,929490000.0
2025-08-06,928650000.0
2025-08-07,927810000.0
2025-08-08,930310000.0
2025-08-09,931330000.0
2025-08-10,932830000.0
2025-08-11,935950000.0
2025-08-12,935660000.0
2025-08-13,935060000.0
2025-08-14,934330000.0
2025-08-15,938890000.0
2025-08-16,940940000.0
2025-08-17,945460000.0
2025-08-18,949760000.0
2025-08-19,952250000.0
2025-08-20,956310000.0
2025-08-21,961850000.0
2025-08-22,963620000.0
2025-08-23,965150000.0
2025-08-24,973500000.0
2025-08-25,977620000.0
2025-08-26,975160000.0
2025-08-27,972820000.0
2025-08-28,970300000.0
2025-08-29,966930000.0
2025-08-30,964850000.0
2025-08-31,962460000.0
2025-09-01,964050000.0
2025-09-02,967360000.0
2025-09-03,971650000.0
2025-09-04,973680000.0
2025-09-05,974480000.0
2025-09-06,975220000.0
2025-09-07,978920000.0
2025-09-08,983990000.0
2025-09-09,985980000.0
2025-09-10,987030000.0
2025-09-11,988660000.0
2025-09-12,989400000.0
2025-09-13,988720000.0
2025-09-14,989210000.0
2025-09-15,988720000.0
2025-09-16,989150000.0
2025-09-17,989460000.0
2025-09-18,994200000.0
2025-09-19,994070000.0
2025-09-20,993640000.0
2025-09-21,993260000.0
2025-09-22,993010000.0
2025-09-23,992390000.0
2025-09-24,989900000.0
2025-09-25,989150000.0
2025-09-26,986350000.0
2025-09-27,985110000.0
2025-09-28,987100000.0
2025-09-29,988410000.0
2025-09-30,990700000.0
2025-10-01,992880000.0
2025-10-02,993640000.0
2025-10-03,994510000.0
2025-10-04,993260000.0
2025-10-05,995010000.0
2025-10-06,996140000.0
2025-10-07,995320000.0
2025-10-08,996760000.0
2025-10-09,1000200000.0
2025-10-10,1004790000.0
2025-10-11,1009200000.0
2025-10-12,1012800000.0
2025-10-13,1016150000.0
2025-10-14,1015020000.0
2025-10-15,1016350000.0
2025-10-16,1022690000.0
2025-10-17,1025680000.0
2025-10-18,1030070000.0
2025-10-19,1030830000.0
2025-10-20,1035800000.0
2025-10-21,1037020000.0
2025-10-22,1041490000.0
2025-10-23,1044550000.0
2025-10-24,1045250000.0
2025-10-25,1047550000.0
2025-10-26,1049270000.0
2025-10-27,1051710000.0
2025-10-28,1054070000.0
2025-10-29,1054910000.0
2025-10-30,1053310000.0
2025-10-31,1057020000.0
2025-11-01,1054910000.0
2025-11-02,1056380000.0
2025-11-03,1055800000.0
2025-11-04,1057210000.0
2025-11-05,1058550000.0
2025-11-06,1058110000.0
2025-11-07,1057150000.0
2025-11-08,1056950000.0
2025-11-09,1057590000.0
2025-11-10,1057590000.0
2025-11-11,1053820000.0
2025-11-12,1051840000.0
2025-11-13,1050550000.0
2025-11-14,1056760000.0
2025-11-15,1060420000.0
2025-11-16,1068370000.0
2025-11-17,1072220000.0
2025-11-18,1072660000.0
2025-11-19,1071190000.0
2025-11-20,1070040000.0
2025-11-21,1067020000.0
2025-11-22,1063430000.0
2025-11-23,1060160000.0
2025-11-24,1059460000.0
2025-11-25,1060160000.0
2025-11-26,1057720000.0
2025-11-27,1055610000.0
2025-11-28,1056630000.0
2025-11-29,1055870000.0
2025-11-30,1058170000.0
2025-12-01,1057080000.0
2025-12-02,1057270000.0
2025-12-03,1056830000.0
2025-12-04,1056250000.0
2025-12-05,1057270000.0
2025-12-06,1055670000.0
2025-12-07,1053880000.0
2025-12-08,1054590000.0
2025-12-09,1055100000.0
2025-12-10,1052160000.0
2025-12-11,1051130000.0
2025-12-12,1052030000.0
2025-12-13,1048440000.0
2025-12-14,1045380000.0
2025-12-15,1044360000.0
2025-12-16,1041170000.0
2025-12-17,1037780000.0
2025-12-18,1035300000.0
2025-12-19,1034400000.0
2025-12-20,1032110000.0
2025-12-21,1028540000.0
2025-12-22,1024920000.0
2025-12-23,1022000000.0
2025-12-24,1017620000.0
2025-12-25,1013570000.0
2025-12-26,1008760000.0
2025-12-27,1006120000.0
2025-12-28,1001530000.0
2025-12-29,997070000.0
2025-12-30,992200000.0
2025-12-31,990830000.0
2026-01-01,988970000.0
2026-01-02,985300000.0
2026-01-03,983250000.0
2026-01-04,979410000.0
2026-01-05,976570000.0
2026-01-06,974910000.0
2026-01-07,972700000.0
2026-01-08,969370000.0
2026-01-09,964910000.0
2026-01-10,964480000.0
2026-01-11,962580000.0
2026-01-12,966440000.0
2026-01-13,966010000.0
2026-01-14,967420000.0
2026-01-15,968580000.0
2026-01-16,967050000.0
2026-01-17,963190000.0
2026-01-18,959170000.0
2026-01-19,955220000.0
2026-01-20,950910000.0
2026-01-21,946490000.0
2026-01-22,942210000.0
2026-01-23,937690000.0
2026-01-24,936310000.0
2026-01-25,935950000.0
2026-01-26,931750000.0
2026-01-27,928290000.0
2026-01-28,925480000.0
2026-01-29,923810000.0
2026-01-30,925420000.0
2026-01-31,927450000.0
2026-02-01,929780000.0
2026-02-02,928650000.0
2026-02-03,927750000.0
2026-02-04,924760000.0
2026-02-05,924170000.0
2026-02-06,928110000.0
2026-02-07,929610000.0
2026-02-08,926970000.0
2026-02-09,925120000.0
2026-02-10,922380000.0
2026-02-11,920830000.0
2026-02-12,918980000.0
2026-02-13,917090000.0
2026-02-14,914190000.0
2026-02-15,911750000.0
2026-02-16,910150000.0
2026-02-17,910390000.0
2026-02-18,908310000.0
2026-02-19,907260000.0
2026-02-20,908020000.0
2026-02-21,906540000.0
2026-02-22,903420000.0
2026-02-23,902410000.0
2026-02-24,902060000.0
2026-02-25,902060000.0
2026-02-26,903770000.0
2026-02-27,904010000.0
2026-02-28,902060000.0
2026-03-01,898360000.0
2026-03-02,895130000.0
2026-03-03,892080000.0
2026-03-04,889610000.0
2026-03-05,885700000.0
2026-03-06,887220000.0
2026-03-07,883020000.0
2026-03-08,882200000.0
2026-03-09,880270000.0
2026-03-10,878480000.0
2026-03-11,876970000.0
2026-03-12,875810000.0
2026-03-13,871910000.0
2026-03-14,869660000.0
2026-03-15,867980000.0
2026-03-16,863940000.0
2026-03-17,860720000.0
2026-03-18,862330000.0
2026-03-19,859630000.0
2026-03-20,855720000.0
2026-03-21,852620000.0
2026-03-22,850560000.0
2026-03-23,847590000.0
2026-03-24,844280000.0
2026-03-25,840870000.0
2026-03-26,838250000.0
2026-03-27,834390000.0
2026-03-28,830590000.0
2026-03-29,830090000.0
2026-03-30,827600000.0
2026-03-31,824780000.0
2026-04-01,825630000.0
2026-04-02,828560000.0
2026-04-03,831270000.0
2026-04-04,831330000.0
2026-04-05,833260000.0
2026-04-06,831160000.0
2026-04-07,828160000.0
2026-04-08,835980000.0
2026-04-09,835300000.0
2026-04-10,831900000.0
2026-04-11,829580000.0
2026-04-12,828840000.0
2026-04-13,826870000.0
2026-04-14,824670000.0
2026-04-15,822690000.0
2026-04-16,823990000.0
2026-04-17,832070000.0
2026-04-18,834560000.0
2026-04-19,834560000.0
2026-04-20,836040000.0
2026-04-21,837110000.0
2026-04-22,838880000.0
2026-04-23,840700000.0
2026-04-24,840360000.0
2026-04-25,843030000.0
2026-04-26,847300000.0
2026-04-27,847420000.0
2026-04-28,847940000.0
2026-04-29,846390000.0
2026-04-30,844910000.0
2026-05-01,845650000.0
2026-05-02,852680000.0
2026-05-03,862160000.0
2026-05-04,866770000.0
2026-05-05,866020000.0
2026-05-06,869080000.0
2026-05-07,869780000.0
2026-05-08,867290000.0
2026-05-09,864690000.0
2026-05-10,867120000.0
2026-05-11,867750000.0
2026-05-12,869430000.0
2026-05-13,870300000.0
2026-05-14,870930000.0
2026-05-15,872260000.0
2026-05-16,874820000.0
2026-05-17,876160000.0
2026-05-18,878070000.0
2026-05-19,875580000.0
2026-05-20,875580000.0
